Year,Sample_Code,Group,Sample,Easting,Northing,Longitude,Latitude,Drain,Zone,salinity,Sal_zone,pH,EC,Cl,NOx_N,PO4_P,SO4_S,Al,As,B,Ba,Ca,Co,Cr,Cu,Fe,K,Li,Mg,Mn,Mo,Na,Ni,P,Rb,S,Si,Sr,V,Zn,La,Nd,Gd
2019,2019_01_1,1,1,399983,6468047,115.9420737,-31.91906539,Kitchener,Kitchener_S,Marine,KD_saline,7,34.4,NA,NA,NA,NA,0.074790737,NA,2.569559879,0.13613789,317.810973,NA,0.008204825,NA,0.463486544,283.0314269,0.072541515,931.980172,0.260374233,NA,7006.379058,NA,1.832145,0.307827924,284.4599247,3.919235943,4.894181076,0.033249395,0.005774947,NA,NA,NA
2019,2019_01_2,1,2,399989,6468037,115.9421361,-31.91915613,Kitchener,Kitchener_S,Marine,KD_saline,7.24,35.3,NA,NA,NA,NA,NA,0.00275252,2.563446527,0.115018016,331.613363,NA,0.006532687,NA,0.669688573,292.4617279,0.074320592,978.1211148,0.165423893,0.001906221,7311.891444,NA,0.327004724,0.284270307,312.7646018,2.099257624,4.751013656,0.031570763,NA,NA,NA,NA
2019,2019_01_3,1,3,399991,6468028,115.9421563,-31.91923748,Kitchener,Kitchener_S,Marine,KD_saline,7.34,34.9,NA,NA,NA,NA,NA,NA,2.495464566,0.103503296,331.6035128,NA,0.008050106,NA,0.207726834,284.097946,0.070880486,988.9341611,0.142867815,0.001886773,7228.457969,NA,0.134104008,0.273866271,317.3809569,2.341739407,4.724344264,0.028905169,NA,NA,NA,NA
2019,2019_01_4,1,4,399994,6468017,115.9421869,-31.91933697,Kitchener,Kitchener_S,Marine,KD_saline,7.1,34.1,NA,NA,NA,NA,NA,0.002362304,2.393974012,0.102896994,315.0980016,NA,0.007753616,NA,2.977266349,274.0257485,0.064331588,939.6704629,0.173220024,0.001425327,7119.226601,NA,0.580259256,0.259773572,308.1877386,2.854778614,4.578114985,0.030386325,NA,NA,NA,NA
2019,2019_01_5,1,5,400001,6467989,115.942258,-31.91959016,Kitchener,Kitchener_S,Marine,KD_saline,7.66,33.1,NA,NA,NA,NA,NA,0.00291805,2.428322106,0.082630095,298.6255951,NA,0.006489236,NA,0.058222029,258.8094138,0.073028288,887.0462207,0.081107401,0.004351068,6717.596217,NA,0.099321817,0.234975796,304.0675173,1.957414287,4.41649036,0.030450144,NA,NA,NA,NA
2019,2019_01_6,1,6,400005,6467974,115.9422988,-31.91972582,Kitchener,Kitchener_S,Marine,KD_saline,7.94,35.7,NA,NA,NA,NA,NA,0.005155652,2.426048645,0.078352322,297.8140519,NA,0.007722377,NA,NA,255.4300532,0.068649678,892.0051265,0.078749514,0.004920676,6632.010051,NA,0.057585056,0.227346027,306.485007,1.968675436,4.287152362,0.029102228,NA,NA,NA,NA
2019,2019_01_7,1,7,399968,6468025,115.9419127,-31.91926252,Kitchener,Kitchener_S,Marine,KD_saline,NA,NA,NA,NA,NA,NA,0.616271182,0.021519459,3.342999996,0.171941055,569.4891521,NA,0.008041574,NA,97.92002014,363.3796389,0.132292583,1496.598965,0.646647065,NA,10653.33244,NA,0.040509236,0.366196647,754.5219042,13.68873931,7.438012199,0.041042326,0.150505069,NA,NA,NA
2019,2019_02_1,2,1,399980,6468057,115.942043,-31.91897492,Kitchener,Kitchener_S,Marine,KD_saline,6.82,3830,NA,NA,NA,NA,0.013275471,0.004516021,2.672497122,0.144135116,335.6941401,NA,0.007495111,NA,2.847676214,289.4701932,0.05996658,964.3074453,0.355423121,0.002539516,7586.595055,NA,0.60646893,0.28902346,336.2133506,2.623040542,4.814154955,0.028483179,NA,NA,NA,NA
2019,2019_02_2,2,2,399938,6468118,115.9416051,-31.91842098,Kitchener,Kitchener_N,Marine,KD_saline,6.92,1025,NA,NA,NA,NA,NA,0.002838938,2.711048076,0.142334471,338.7274081,NA,0.007244546,NA,0.698294823,289.8949281,0.063376065,970.7189442,0.360419321,0.002364713,7611.455235,NA,0.130808369,0.291182439,346.4366949,2.647725579,4.872303927,0.031847834,NA,NA,NA,NA
2019,2019_02_3,2,3,399932,6468139,115.9415438,-31.91823102,Kitchener,Kitchener_N,Fresh,KD_fresh,6.85,995,NA,NA,NA,NA,0.12811053,NA,0.272681519,0.014829872,28.0977103,NA,NA,NA,0.345928791,8.589656156,0.018969452,6.364881367,0.083487311,0.002487615,164.5786503,NA,0.079210661,0.015753285,15.10714878,3.354434344,0.134638719,0.003720814,0.034352309,NA,NA,NA
2019,2019_02_4,2,4,399924,6468139,115.9414592,-31.91823032,Kitchener,Kitchener_N,Fresh,KD_fresh,6.88,1048,NA,NA,NA,NA,0.180656102,NA,0.266777631,0.019994352,28.56998132,NA,NA,NA,1.04620668,5.796025014,0.0179365,6.250818353,0.245370403,0.00216811,156.1606433,NA,0.173064986,0.015832748,14.92976247,3.417814816,0.140436034,0.003786138,0.032731316,NA,NA,NA
2019,2019_02_5,2,5,399913,6468165,115.9413455,-31.91799482,Kitchener,Kitchener_N,Fresh,KD_fresh,7.25,901,NA,NA,NA,NA,0.222960314,NA,0.260739744,0.015348871,26.94945885,NA,NA,NA,0.464388585,4.636060459,0.017243436,5.878170728,0.023850847,0.00453035,150.4964471,NA,0.103077685,0.01193493,15.29858249,3.410514192,0.129810881,0.003775808,0.170674139,NA,NA,NA
2019,2019_02_6,2,6,399914,6468165,115.9413561,-31.91799491,Kitchener,Kitchener_N,Fresh,KD_fresh,7.11,998,NA,NA,NA,NA,0.184593236,NA,0.263597884,0.024159494,27.3890738,0.012724955,NA,NA,1.179153865,3.972993422,NA,6.039124662,0.371253146,0.002910033,152.5274222,NA,0.08344399,0.014223459,15.16953403,3.393526021,0.134698414,0.005365565,0.034358499,NA,NA,NA
2019,2019_03_1,3,1,400106,6468019,115.9433716,-31.91932879,Chapman,Chapman_S,Marine,CD_saline,8.52,45350,NA,NA,NA,NA,NA,0.003674569,2.399466857,0.082146959,278.060214,NA,0.007075024,NA,0.286773833,238.2539585,0.075885038,811.2799203,0.421957813,0.00474385,6238.589094,NA,0.071363402,0.220273931,296.8170425,2.401549959,4.20277836,0.027095136,NA,NA,NA,NA
2019,2019_03_2,3,2,400101,6468016,115.9433184,-31.91935541,Chapman,Chapman_S,Marine,CD_saline,8.45,45450,NA,NA,NA,NA,NA,NA,2.458918529,0.077615573,279.5505801,NA,0.007121236,NA,NA,244.6583664,0.071835223,821.4321366,0.28098871,0.004892664,6459.136272,NA,0.059220569,0.229836863,298.2470394,2.255207031,4.329428046,0.028980394,0.015035003,NA,NA,NA
2019,2019_03_3,3,3,400099,6468009,115.9432965,-31.91941838,Chapman,Chapman_S,Marine,CD_saline,7.92,43950,NA,NA,NA,NA,NA,NA,2.44816224,0.082696577,276.7778245,NA,0.006253048,NA,NA,243.2104467,0.064490044,817.862343,0.264521871,0.0049022,6281.663632,NA,0.049003721,0.220080444,295.6909982,2.199003336,4.139119357,0.02826179,0.007415011,NA,NA,NA
2019,2019_03_4,3,4,400091,6468003,115.9432113,-31.9194718,Chapman,Chapman_S,Marine,CD_saline,8.59,37500,NA,NA,NA,NA,NA,NA,2.430150534,0.078956321,278.7564356,NA,0.007238093,NA,NA,241.4177172,0.060299071,816.7460242,0.288695058,0.004805601,6277.014584,NA,0.053716412,0.221348977,294.2187887,2.2757808,4.10282775,0.031547868,0.008303465,NA,NA,NA
2019,2019_03_5,3,5,400086,6467997,115.9431578,-31.91952548,Chapman,Chapman_S,Marine,CD_saline,8.26,39300,NA,NA,NA,NA,NA,0.002700513,2.514702109,0.077626231,288.8183751,NA,0.007215163,NA,NA,248.1616386,0.061968298,847.159404,0.13167909,0.004792804,6582.766642,NA,0.050174199,0.228570465,306.0556218,2.092950428,4.25438668,0.031093413,NA,NA,NA,NA
2019,2019_04_1,4,1,400170,6468086,115.9440554,-31.91873005,Chapman,Chapman_S,Marine,CD_saline,7.55,12580,NA,NA,NA,NA,NA,NA,1.058252334,0.058590546,102.891573,0.008139586,0.003500197,NA,0.529369537,103.4223898,0.021507952,274.8949017,2.987702239,0.00371822,2198.442029,NA,0.223190603,0.095190977,107.361441,5.759852545,1.541625528,0.018077047,0.017356075,NA,NA,NA
2019,2019_04_2,4,2,400179,6468088,115.9441508,-31.9187128,Chapman,Chapman_S,Marine,CD_saline,7.52,11240,NA,NA,NA,NA,NA,NA,1.010419324,0.057262244,99.97165392,NA,0.002636496,NA,0.480096256,96.98675547,0.018658099,262.3900627,2.147989621,0.003504568,2091.099734,NA,0.180898234,0.093943845,98.96441327,5.776109548,1.481366635,0.016699674,0.009650873,NA,NA,NA
2019,2019_04_3,4,3,400187,6468099,115.9442365,-31.91861428,Chapman,Chapman_S,Marine,CD_saline,7.85,12320,NA,NA,NA,NA,NA,NA,1.041775924,0.057329027,103.4086831,0.009135908,0.002937829,NA,0.281223867,97.26477645,0.02686029,271.9855249,2.50146374,0.003592263,2171.836919,NA,0.123079511,0.093427436,101.6319457,5.836802545,1.540628272,0.015774839,0.007985818,NA,NA,NA
2019,2019_04_4,4,4,400221,6468123,115.9445986,-31.91840078,Chapman,Chapman_S,Marine,CD_saline,7.4,8350,NA,NA,NA,NA,NA,NA,0.812774735,0.049936125,83.4859589,NA,0.002450384,NA,0.652256122,73.11934907,0.020557768,194.8361418,0.895584101,0.002727115,1553.841023,NA,0.14247864,0.075283577,73.16818937,5.935307787,1.168801448,0.013974688,0.0152711,NA,NA,NA
2019,2019_04_5,4,5,400234,6468145,115.9447383,-31.91820347,Chapman,Chapman_S,Marine,CD_saline,7.44,6510,NA,NA,NA,NA,NA,NA,0.655744835,0.043496774,70.68411606,NA,0.002128717,NA,0.465597086,57.82971499,0.019059913,142.4515301,0.272465551,0.002319441,1126.070169,NA,0.149552017,0.061618068,51.68693981,6.024274185,0.892104509,0.010902819,0.021136505,NA,NA,NA
2019,2019_04_6,4,6,400256,6468170,115.9449736,-31.91797989,Chapman,Chapman_S,Fresh,CD_fresh,7.46,3770,NA,NA,NA,NA,NA,0.003160074,0.4289647,0.044179906,57.20549545,NA,0.00198238,NA,0.809617049,39.60965723,0.017143326,73.32412095,0.299060509,0.001914008,639.4353982,NA,0.179772301,0.04438571,25.88673978,6.374204351,0.567202537,0.010767375,0.013995911,NA,NA,NA
2019,2019_04_7,4,7,400273,6468188,115.9451552,-31.91781902,Chapman,Chapman_S,Fresh,CD_fresh,7.35,21490,NA,NA,NA,NA,NA,0.004892799,0.281958505,0.034464468,49.64538183,NA,NA,NA,1.189614815,28.41170005,0.022855989,37.27358194,0.384667315,0.001762571,321.3531018,NA,0.219868615,0.030615936,10.88073977,6.84979059,0.366037294,0.007100819,0.007790085,NA,NA,NA
2019,2019_04_8,4,8,400298,6468209,115.9454218,-31.91763179,Chapman,Chapman_S,Fresh,CD_fresh,7.32,13580,NA,NA,NA,NA,0.01176984,0.013654427,0.216776295,0.043385581,50.71722973,NA,NA,NA,4.377016802,22.66981388,0.021089553,22.47889331,0.594578125,0.001553504,194.9473938,NA,0.40605508,0.027400634,4.821513696,7.162454939,0.285555379,0.006375067,0.013360645,NA,NA,NA
2019,2019_05_1.1,5,1.1,400310,6468224,115.9455502,-31.91749753,Chapman,Chapman_M,Fresh,CD_fresh,6.96,2880,NA,NA,NA,NA,NA,0.045264048,0.366980183,0.087531432,63.08024058,NA,0.001917844,NA,14.949135,25.59252265,0.017874361,55.00080103,0.46183599,0.001357995,480.4790628,NA,0.322280028,0.034126795,13.87213203,10.21603768,0.535973785,0.010404795,NA,NA,NA,NA
2019,2019_05_1.2,5,1.2,400310,6468224,115.9455502,-31.91749753,Chapman,Chapman_M,Fresh,CD_fresh,6.88,3400,NA,NA,NA,NA,0.072832162,0.055102747,0.416920115,0.107461849,71.30864302,NA,0.001000905,NA,16.38729615,46.14368268,0.021271413,65.14210676,0.65744648,0.001677529,582.0362377,NA,0.377810418,0.040217244,20.43092943,9.92426385,0.626574596,0.010426192,0.006576998,NA,NA,NA
2019,2019_05_2.1,5,2.1,400303,6468216,115.9454754,-31.91756908,Chapman,Chapman_M,Fresh,CD_fresh,7.16,3910,NA,NA,NA,NA,0.037940871,0.039193012,0.459392794,0.045196702,56.78753202,NA,0.002781541,0.037371788,2.095887787,38.73194615,0.021862311,76.77394226,0.417507117,0.0020624,678.3316403,NA,0.587476408,0.038782361,24.28253922,8.248094153,0.551284684,0.011849002,0.009577765,NA,NA,NA
2019,2019_05_2.2,5,2.2,400303,6468216,115.9454754,-31.91756908,Chapman,Chapman_M,Fresh,CD_fresh,7.01,2525,NA,NA,NA,NA,NA,0.029065261,0.320586647,0.039023585,49.06664745,NA,0.001021017,NA,3.800253153,28.93105494,0.020134678,47.26862603,0.328608083,0.002179753,376.3957838,NA,0.147229433,0.032539941,10.60425937,7.211408096,0.399663656,0.007742522,NA,NA,NA,NA
2019,2019_05_3.1,5,3.1,400320,6468231,115.9456567,-31.91743527,Chapman,Chapman_M,Fresh,CD_fresh,6.93,1702,NA,NA,NA,NA,0.123048534,0.01811537,0.253178885,0.043367945,48.69219223,NA,NA,0.033757501,3.598206461,80.71667631,0.018751829,27.97745234,0.467512801,0.001699171,234.1278388,NA,0.443757856,0.033426459,6.9136434,7.115365152,0.30685083,0.006510915,0.00736874,NA,NA,NA
2019,2019_05_3.2,5,3.2,400320,6468231,115.9456567,-31.91743527,Chapman,Chapman_M,Fresh,CD_fresh,7,1892,NA,NA,NA,NA,0.413257333,0.024166583,0.27002918,0.04386051,48.95489671,NA,0.001283233,NA,1.816017517,26.502487,0.020972097,31.58870362,0.398364823,0.00296038,261.231233,NA,0.538523394,0.031694379,5.351786385,7.265775122,0.327935457,0.008604562,0.022773506,NA,NA,NA
2019,2019_06_1,6,1,400274,6468183,115.9451653,-31.91786421,Chapman,Chapman_M,Fresh,CD_fresh,7.98,1870,NA,NA,NA,NA,NA,NA,0.316974923,0.030196029,50.11543575,NA,NA,NA,0.665632065,28.88013372,0.016616576,41.66575552,0.276089609,0.001874504,367.42383,NA,0.237365834,0.034763511,11.56051902,6.361276385,0.395918328,0.006925256,0.004958681,NA,NA,NA
2019,2019_06_2,6,2,400291,6468197,115.9453465,-31.91773942,Chapman,Chapman_M,Fresh,CD_fresh,7.98,1970,NA,NA,NA,NA,NA,NA,0.259530637,0.029212207,48.76925531,NA,NA,NA,0.729963245,23.29536562,0.017318715,29.72629048,0.082513474,0.001600988,269.5526987,NA,0.187538421,0.033207057,7.552358491,6.680983614,0.330468669,0.00521983,0.008186187,NA,NA,NA
2019,2019_06_3,6,3,400307,6468215,115.9455176,-31.91757845,Chapman,Chapman_M,Fresh,CD_fresh,7.9,2679,NA,NA,NA,NA,NA,0.014572478,0.297562906,0.038885457,54.07152768,NA,0.001068991,NA,3.816893014,26.69223153,0.017026041,42.05239846,0.510785911,0.001747024,372.2425148,NA,0.46521773,0.031604272,9.136193803,7.100883911,0.380182629,0.007112077,0.011127294,NA,NA,NA
2019,2019_06_4,6,4,400325,6468230,115.9457095,-31.91744473,Chapman,Chapman_M,Fresh,CD_fresh,7.24,820,NA,NA,NA,NA,NA,0.017977128,0.204141672,0.051328031,52.0354209,NA,NA,NA,6.21081014,20.83782531,0.017182224,19.26863,0.589668631,0.001341427,167.0449754,NA,0.821579542,0.027607838,3.107784792,7.554332059,0.278101799,0.005140689,0.011554578,NA,NA,NA
2019,2019_06_5,6,5,400334,6468238,115.9458055,-31.91737336,Chapman,Chapman_M,Fresh,CD_fresh,7.44,840,NA,NA,NA,NA,0.016210208,0.009600189,0.20629718,0.047753576,50.04119421,NA,NA,NA,2.215723599,18.08917553,0.01748827,19.80674014,0.478903984,0.001382713,174.2810063,NA,0.489234008,0.027056371,4.086025054,7.418314212,0.262389853,0.005434823,NA,NA,NA,NA
2019,2019_06_6,6,6,400334,6468241,115.9458058,-31.91734629,Chapman,Chapman_M,Fresh,CD_fresh,7.45,668,NA,NA,NA,NA,0.105423897,0.014175154,0.205686045,0.070354458,48.22940193,NA,NA,0.017166091,2.135749801,19.5831142,0.016303529,17.51668571,0.433277971,0.001614362,149.223982,NA,0.560093614,0.026333236,2.161139116,7.15722395,0.261975201,0.004771045,NA,NA,NA,NA
2019,2019_07_1,7,1,400422,6468338,115.9467464,-31.91647903,Chapman,Chapman_N,Fresh,CD_fresh,7.09,1018,NA,NA,NA,NA,0.015529925,0.058036216,0.191339941,0.067927438,52.92989958,NA,NA,NA,13.58255948,11.05026652,NA,12.03160414,0.50980031,0.001233741,100.4684414,NA,0.152063095,0.019762073,NA,7.661187403,0.256492888,0.00587372,NA,NA,NA,NA
2019,2019_07_2,7,2,400421,6468334,115.9467354,-31.91651503,Chapman,Chapman_N,Fresh,CD_fresh,7.28,926,NA,NA,NA,NA,0.030064296,0.045282385,0.186147799,0.05007745,49.96597168,NA,NA,NA,11.91676126,12.88169578,0.01738636,11.92651975,0.622503813,0.001491937,99.29060843,NA,1.436201917,0.022200291,0.727619954,6.674389759,0.223440706,0.006569862,NA,NA,NA,NA
2019,2019_07_3,7,3,400419,6468329,115.9467138,-31.91655996,Chapman,Chapman_N,Fresh,CD_fresh,7.07,951,NA,NA,NA,NA,0.024085904,0.040704344,0.183452732,0.063930352,49.54357393,NA,NA,NA,13.15171801,13.07160693,0.017429168,11.85590626,0.568391678,0.001107456,99.22659843,NA,1.179750539,0.020074241,0.849843898,6.75723037,0.226564098,0.007949752,NA,NA,NA,NA
2019,2019_07_4,7,4,400415,6468327,115.9466712,-31.91657765,Chapman,Chapman_N,Fresh,CD_fresh,7.21,947,NA,NA,NA,NA,0.028165992,0.037476467,0.182497026,0.085373755,47.16189679,NA,NA,NA,12.72679616,12.52217537,0.01809627,11.97948484,0.541965079,0.00085115,99.96349391,NA,0.907513379,0.020724286,0.737968958,6.742795438,0.220009872,0.0057376,0.004878223,NA,NA,NA
2019,2019_07_5,7,5,400412,6468322,115.946639,-31.91662248,Chapman,Chapman_N,Fresh,CD_fresh,7.12,960,NA,NA,NA,NA,0.036761568,0.02964816,0.182263956,0.088190455,46.43161685,NA,NA,NA,12.86877144,12.62671349,0.01680228,11.70336793,0.549803897,0.001020123,100.9099862,NA,0.62522336,0.02232172,0.895067948,6.877915606,0.214831209,0.006963817,0.005412412,NA,NA,NA
2019,2019_07_6,7,6,400408,6468318,115.9465963,-31.91665822,Chapman,Chapman_N,Fresh,CD_fresh,7.19,964,NA,NA,NA,NA,0.033401651,0.031056312,0.17696234,0.09461939,44.75589292,NA,NA,NA,8.566182507,14.44154025,0.016449405,11.8380943,0.577836885,0.001431329,97.58889865,NA,0.530611944,0.01864377,1.096580392,6.456734022,0.209360448,0.005110643,NA,NA,NA,NA
2019,2019_07_7,7,7,400405,6468315,115.9465643,-31.91668501,Chapman,Chapman_N,Fresh,CD_fresh,7.11,964,NA,NA,NA,NA,0.019509911,0.028390025,0.17759126,0.052213299,46.47871374,NA,NA,NA,9.393811143,15.22086906,0.017203887,12.1236161,0.621628958,0.001149021,100.429092,NA,0.236231405,0.023425731,1.088672393,6.617403783,0.210563948,0.006186456,NA,NA,NA,NA
2019,2019_07_8,7,8,400399,6468309,115.9465002,-31.91673861,Chapman,Chapman_N,Fresh,CD_fresh,7.03,1109,NA,NA,NA,NA,0.095445311,0.031939015,0.189081209,0.110511632,49.98742915,NA,NA,0.014726119,13.60504905,11.09086346,0.017869671,14.3954162,0.504752183,0.000951665,111.4631899,NA,0.357359905,0.01908392,0.686066849,8.385538306,0.251782483,0.008896507,0.017774321,NA,NA,NA
2019,2019_08_1,8,1,400508,6468315,115.9476536,-31.91669404,Chapman,Chapman_N,Fresh,CD_fresh,6.97,863,NA,NA,NA,NA,0.060455173,0.014271121,0.189954917,0.053253937,43.58414539,NA,NA,NA,8.239833823,12.15011551,NA,10.61558013,0.446435114,0.001123702,89.30457968,NA,2.048815377,0.020693625,1.988335956,5.737373326,0.203510532,0.006318402,0.007310317,NA,NA,NA
2019,2019_08_2,8,2,400485,6468320,115.9474108,-31.91664692,Chapman,Chapman_N,Fresh,CD_fresh,7.03,838.7,NA,NA,NA,NA,0.055531001,0.018137204,0.186535017,0.068365049,46.04077698,NA,NA,NA,6.643092398,11.88101972,NA,11.04728385,0.563328328,0.001018817,92.13345714,NA,1.285462245,0.021355995,1.455036315,5.954686318,0.209852545,0.007797237,NA,NA,NA,NA
2019,2019_08_3,8,3,400465,6468332,115.9472005,-31.91653693,Chapman,Chapman_N,Fresh,CD_fresh,7.03,911.6,NA,NA,NA,NA,0.043985014,0.026865086,0.18095615,0.072014359,51.64634089,NA,0.001199152,NA,7.35417659,15.85838741,NA,12.30893197,0.368982755,0.000865305,94.43489535,NA,0.989991199,0.022536234,0.727327934,6.277510921,0.233633549,0.005960945,NA,NA,NA,NA
2019,2019_08_4,8,4,400452,6468340,115.9470639,-31.91646362,Chapman,Chapman_N,Fresh,CD_fresh,6.97,927.2,NA,NA,NA,NA,0.029258,0.049583112,0.196750636,0.058099606,47.56955884,NA,NA,NA,15.7196386,15.29992026,NA,10.78700033,0.391863411,0.000802822,97.05655962,NA,0.282431753,0.022254741,0.749885155,6.704290333,0.220722086,0.007156347,NA,NA,NA,NA
2019,2019_08_5,8,5,400474,6468325,115.947295,-31.91660086,Chapman,Chapman_N,Fresh,CD_fresh,7.01,841.3,NA,NA,NA,NA,0.023653627,0.026453757,0.181089871,0.035699011,47.71112742,NA,NA,NA,12.34505828,10.63980233,NA,11.46295612,0.357857856,0.000989503,92.81771887,NA,0.724632547,0.021182223,0.997233321,6.309670913,0.212103141,0.00715802,NA,NA,NA,NA
2019,2019_09_1,9,1,400040,6468263,115.9426988,-31.91712201,Woolcock,Woolcock,Fresh,Woolcock,5.5,1185,NA,NA,NA,NA,0.240013077,NA,0.192861003,0.032758979,47.9735954,0.051474053,NA,NA,3.070011848,6.221445222,0.018296988,19.91325914,0.149514406,0.001727626,80.79931347,0.004960555,0.0085,0.014198745,40.41278839,4.796942561,0.223190668,NA,3.795357584,NA,NA,NA
2019,2019_09_2,9,2,400043,6468260,115.9427302,-31.91714933,Woolcock,Woolcock,Fresh,Woolcock,5.67,1138,NA,NA,NA,NA,0.185730392,NA,0.174096194,0.038081538,48.99364954,0.050709079,NA,NA,3.027665062,5.929617689,0.018013869,20.52307086,0.15175202,0.001617745,81.64659428,0.006401525,0.00849,0.016173809,40.43378467,4.975278263,0.226251557,0.004164288,4.008493637,NA,NA,NA
2019,2019_09_3,9,3,400044,6468258,115.9427406,-31.91716746,Woolcock,Woolcock,Fresh,Woolcock,5.71,1154,NA,NA,NA,NA,0.205023735,0.00234609,0.173182726,0.038510145,49.24493764,0.049565735,NA,NA,2.820613307,5.296171037,0.019458429,20.30860819,0.151743952,0.001661483,83.91120041,0.005106043,0.0085,0.016696669,40.23231816,4.965057143,0.225768224,0.005071258,3.991449622,NA,NA,NA
2019,2019_09_4,9,4,400046,6468254,115.9427613,-31.91720372,Woolcock,Woolcock,Fresh,Woolcock,5.71,1154,NA,NA,NA,NA,0.209716707,NA,0.172950439,0.035336429,49.21161636,0.05254163,NA,NA,2.610016161,7.19114497,0.018573243,20.23655638,0.150366711,0.001565578,84.68395417,0.006152596,0.00849,0.013883841,40.08362855,4.929994928,0.226155187,0.00383897,4.091430627,NA,NA,NA
2019,2019_10_1,10,1,400073,6467957,115.9430162,-31.91988515,SwanR,SwanR,Marine,SwanR,7.66,51100,NA,NA,NA,NA,NA,0.002495474,2.676595215,0.079183581,289.4961412,NA,0.00693705,NA,NA,257.2949698,0.072403241,861.3165013,0.06780956,0.005210916,7028.670886,NA,0.049349217,0.229292409,342.6869586,2.093945467,4.381970552,0.027084017,NA,NA,NA,NA
2019,2019_10_2,10,2,400110,6467945,115.9434063,-31.91999665,SwanR,SwanR,Marine,SwanR,8.1,48830,NA,NA,NA,NA,NA,NA,2.674738345,0.075461434,298.3601725,NA,0.007629844,NA,NA,260.3843889,0.068883861,881.9528154,0.079642126,0.0050456,7051.256713,NA,0.043347502,0.22537182,342.9067865,2.061689873,4.306129582,0.02756891,0.007542957,NA,NA,NA
2019,2019_10_3,10,3,400119,6467939,115.9435008,-31.92005156,SwanR,SwanR,Marine,SwanR,7.78,47885,NA,NA,NA,NA,NA,NA,2.678716788,0.079719869,299.5805373,NA,0.00666676,NA,NA,259.1211445,0.066834561,888.7748699,0.076206655,0.00511913,7086.011943,NA,0.034280127,0.226138953,339.4904137,2.07041893,4.353586257,0.027385412,0.009659556,NA,NA,NA
2019,2019_10_4,10,4,400128,6467935,115.9435956,-31.92008844,SwanR,SwanR,Marine,SwanR,7.97,51800,NA,NA,NA,NA,NA,0.003420862,2.669136334,0.078708912,298.6257936,NA,0.006713664,NA,NA,257.3678534,0.065586651,884.9812192,0.07674558,0.004827096,7103.614757,NA,0.038718913,0.222772826,337.5038905,2.06496262,4.31336695,0.034476344,0.00923537,NA,NA,NA
2019,2019_10_5,10,5,400142,6467925,115.9437427,-31.92017987,SwanR,SwanR,Marine,SwanR,7.93,52350,NA,NA,NA,NA,NA,0.003679744,2.702878717,0.077508276,291.5318858,NA,0.007936204,NA,NA,252.9143744,0.060199146,864.8349071,0.075371232,0.004830262,7089.384263,NA,0.044473977,0.22482829,335.4481503,2.073682576,4.375038868,0.028581445,NA,NA,NA,NA
2020,2020_1_1,1,W_1,400044,6468263,115.9427411,-31.91712236,NA,NW_wetland,Fresh,NA,5.7,809,NA,0.41,0.0101,NA,0.08,NA,NA,0.02,50.05,0.05,NA,NA,2.38,7.6,NA,20.07,0.16,NA,47.75,0.01,NA,0.01,58.25,5.05,0.22,NA,3.05,NA,NA,NA
2020,2020_1_2,1,W_2,400056,6468246,115.9428662,-31.91727676,NA,NW_wetland,Fresh,NA,6.11,809,NA,0.41,0.0096,NA,0.16,NA,NA,0.03,49.48,0.05,NA,NA,1.47,7.7,NA,19.71,0.16,NA,45.33,0.01,NA,0.01,57.27,5.04,0.22,NA,3.12,NA,NA,NA
2020,2020_1_3,1,W_3,400051,6468216,115.9428103,-31.91754693,NA,NW_wetland,Marine,NA,NA,NA,NA,NA,NA,NA,NA,NA,NA,NA,NA,NA,NA,NA,NA,NA,NA,NA,NA,NA,NA,NA,NA,NA,NA,NA,NA,NA,NA,NA,NA,NA
2020,2020_1_4,1,W_4,400055,6468197,115.9428506,-31.91771867,NA,NW_wetland,Marine,NA,7.35,1200,NA,0.005,0.0158,NA,NA,NA,NA,NA,NA,NA,NA,NA,NA,NA,NA,NA,NA,NA,NA,NA,NA,NA,NA,NA,NA,NA,NA,NA,NA,NA
2020,2020_1_5,1,W_5,400057,6468177,115.9428697,-31.91789926,NA,NW_wetland,Fresh,NA,8.73,1584,NA,0.0088,0.059,NA,0.07,NA,0.24,NA,60.29,NA,NA,NA,0.29,14.15,NA,43.99,0.03,NA,104.57,NA,0.07,0.01,53.62,3.85,0.42,0.01,0.01,NA,NA,NA
2020,2020_2_1,2,W_6,400039,6468158,115.9426774,-31.91806906,NA,NW_wetland,Fresh,NA,8.3,1792,NA,0.0062,0.0878,NA,0.05,NA,0.26,0.01,62.08,NA,NA,NA,0.19,14.19,NA,45.31,0.02,NA,110.24,NA,0.09,0.01,57.82,3.32,0.44,0.02,0.01,NA,NA,NA
2020,2020_2_2,2,W_7,400083,6468075,115.9431341,-31.91882162,NA,S_wetlands,Marine,NA,3.46,122300,NA,8.00E-04,0.0684,NA,0.13,0.03,5.28,0.13,1247.23,0.19,0.01,0.05,12.6,691.55,0.56,3322.92,1.88,NA,19343.74,0.04,NA,0.94,2660.5,15.71,22.1,0.03,1.98,NA,NA,NA
2020,2020_2_3,2,W_8,400096,6468064,115.9432705,-31.91892199,NA,S_wetlands,Marine,NA,7.38,46300,NA,0.0092,0.0071,NA,NA,0.01,2.05,0.07,332.47,NA,0.01,NA,0.54,265.44,0.06,1085.16,0.19,NA,6930.38,NA,NA,0.23,608.95,2.47,4.66,0.03,0.01,NA,NA,NA
2020,2020_2_4,2,W_9,400106,6468057,115.9433755,-31.91898601,NA,S_wetlands,Fresh,NA,NA,NA,NA,NA,NA,NA,0.05,NA,0.2,0.02,51.22,NA,NA,NA,1.07,10.14,NA,31.13,0.07,NA,56.19,NA,0.02,0.01,45.05,6.4,0.32,0.01,0.01,NA,NA,NA
2020,2020_2_5,2,W_10,400112,6468045,115.9434377,-31.91909479,NA,S_wetlands,Marine,NA,7.7,39400,NA,0.019,0.1118,NA,NA,NA,1.97,0.07,257.61,NA,0.01,NA,0.1,224.38,0.06,840.64,0.09,NA,6001.19,NA,0.11,0.19,483.61,2.52,3.71,0.02,0.01,NA,NA,NA
2020,2020_3_1,3,W_11,400112,6468031,115.9434363,-31.91922107,NA,S_wetlands,Marine,NA,7.34,28560,NA,NA,NA,NA,NA,0.01,2.02,0.08,328.21,NA,0.01,NA,0.32,261.13,0.06,1081.27,0.21,NA,6660.95,NA,NA,0.23,601.23,2.54,4.58,0.03,0.01,NA,NA,NA
2020,2020_3_2,3,W_12,400107,6468020,115.9433823,-31.91931986,NA,S_wetlands,Marine,NA,7.56,26730,NA,0.0109,0.0993,NA,NA,0.01,2.15,0.06,283.04,NA,0.01,NA,0.07,248.76,0.08,936.09,0.08,NA,6815.25,NA,0.1,0.22,563.2,2.48,4.13,0.03,0.01,NA,NA,NA
2020,2020_3_3,3,W_13,400668,6468531,115.9493678,-31.91475964,Chapman,Chapman_N,Fresh,NA,7.38,638,NA,0.0042,0.0783,NA,0.02,0.01,0.1,0.02,43.83,NA,NA,NA,0.18,7.18,NA,10.69,0.1,NA,23.61,NA,0.09,0.01,12.68,5.16,0.19,NA,0.01,NA,NA,NA
2020,2020_3_4,3,W_14,400627,6468480,115.948929,-31.91521609,Chapman,Chapman_N,Fresh,NA,7.29,576,NA,0.0032,0.1435,NA,0.03,NA,NA,0.03,46.15,NA,NA,NA,0.3,6.98,NA,11.14,0.06,NA,18.71,NA,0.17,0.01,11.56,5.53,0.2,NA,0.01,NA,NA,NA
2020,2020_4_1,4,W_15,400594,6468438,115.9485757,-31.91559206,Chapman,Chapman_N,Fresh,NA,6.84,638,NA,0.0074,0.3762,NA,0.03,0.01,NA,0.05,45.38,NA,NA,NA,1.7,8.06,NA,11.05,0.19,NA,18.66,NA,0.42,0.01,9.7,5.85,0.2,NA,0.01,NA,NA,NA
2020,2020_4_2,4,W_16,400558,6468394,115.9481904,-31.91598581,Chapman,Chapman_N,Fresh,NA,7.06,617,NA,NA,NA,NA,0.03,0.01,NA,0.03,45.93,NA,NA,NA,0.91,7.67,NA,11.24,0.19,NA,17.29,NA,0.31,0.01,9.98,5.71,0.2,NA,0.01,NA,NA,NA
2020,2020_4_3,4,W_17,400530,6468344,115.9478892,-31.91643438,Chapman,Chapman_N,Fresh,NA,6.87,592,NA,0.0046,0.0914,NA,0.02,NA,NA,0.02,43.78,NA,NA,NA,0.3,8.06,NA,10.96,0.19,NA,17.32,NA,0.06,0.01,9.69,5.61,0.19,NA,0.01,NA,NA,NA
2020,2020_4_4,4,W_18,400510,6468314,115.9476746,-31.91670324,Chapman,Chapman_N,Fresh,NA,7.23,638,NA,0.0054,0.0834,NA,0.01,0.01,NA,0.03,46.93,NA,NA,NA,0.43,8.55,NA,11.79,0.28,NA,17.38,NA,0.09,0.01,9.69,5.59,0.2,NA,0.01,NA,NA,NA
2020,2020_4_5,4,W_19,400474,6468323,115.9472948,-31.9166189,Chapman,Chapman_N,Fresh,NA,6.98,667,NA,0.0066,0.2151,NA,0.01,0.01,NA,0.03,48.25,NA,NA,NA,0.6,9.37,NA,12.19,0.41,NA,17.39,NA,0.2,0.01,8.92,5.96,0.21,NA,0.01,NA,NA,NA
2020,2020_5_1,5,W_20,400447,6468338,115.9470108,-31.91648123,Chapman,Chapman_N,Fresh,NA,6.73,679,NA,0.014,0.4841,NA,0.03,0.01,NA,0.07,47.03,NA,NA,NA,4.83,10.07,NA,12.61,0.28,NA,17.45,NA,0.75,0.01,7.84,5.93,0.21,NA,0.01,NA,NA,NA
2020,2020_5_2,5,W_21,400426,6468333,115.9467882,-31.91652449,Chapman,Chapman_N,Fresh,NA,6.98,706,NA,0.008,0.2916,NA,0.04,0.01,0.11,0.07,37.97,NA,NA,NA,5.77,10.58,NA,17.91,0.19,NA,19.46,NA,0.7,0.01,7.36,6.02,0.22,NA,0.01,NA,NA,NA
2020,2020_5_3,5,W_22,400390,6468299,115.946404,-31.91682802,Chapman,Chapman_N,Marine,NA,6.9,784,NA,NA,NA,NA,NA,NA,NA,NA,NA,NA,NA,NA,NA,NA,NA,NA,NA,NA,NA,NA,NA,NA,NA,NA,NA,NA,NA,NA,NA,NA
2020,2020_5_4,5,W_23,400359,6468269,115.946073,-31.91709592,Chapman,Chapman_S,Fresh,NA,6.83,824,NA,0.0192,0.743,NA,0.05,0.01,0.1,0.04,46.81,NA,NA,NA,2.85,10.34,NA,16.32,0.16,NA,21.25,NA,0.86,0.01,8.34,5.09,0.24,NA,0.05,NA,NA,NA
2020,2020_6_1,6,W_24,400332,6468242,115.9457847,-31.9173371,Chapman,Chapman_S,Fresh,NA,7.11,931,NA,0.0181,0.5967,NA,0.03,NA,0.11,0.04,42.2,NA,NA,NA,1.05,10.37,NA,18.32,0.11,NA,24.77,NA,0.64,0.01,6.17,4.82,0.23,NA,0.01,NA,NA,NA
2020,2020_6_2,6,W_25,400300,6468211,115.9454431,-31.91761392,Chapman,Chapman_S,Fresh,NA,7,2790,NA,0.0109,0.2751,NA,0.02,NA,0.28,0.03,51.36,NA,NA,NA,2.21,18.3,NA,67.36,0.08,NA,119.77,NA,0.37,0.02,21.08,5.07,0.5,0.01,0.01,NA,NA,NA
2020,2020_6_3,6,W_26,400262,6468172,115.9450372,-31.91796238,Chapman,Chapman_S,Fresh,NA,7.41,3150,NA,0.005,0.4403,NA,0.01,NA,0.33,0.03,53.82,NA,NA,NA,0.37,20.81,NA,76.6,0.03,NA,141.23,NA,0.44,0.03,24.64,4.57,0.55,0.01,0.01,NA,NA,NA
2020,2020_6_4,6,W_27,400226,6468138,115.944653,-31.91826591,Chapman,Chapman_S,Fresh,NA,8.1,8830,NA,0.0017,0.2905,NA,NA,0.01,0.77,0.04,94.61,NA,NA,NA,0.07,43.93,0.02,248.59,0.03,NA,387.25,NA,0.26,0.06,77.67,3.25,1.39,0.01,0.01,NA,NA,NA
2020,2020_7_1,7,W_28,400189,6468102,115.944258,-31.9185874,Chapman,Chapman_S,Fresh,NA,7.76,11180,NA,0.0018,0.2417,NA,NA,NA,0.96,0.04,112.05,NA,NA,NA,0.11,52.12,0.03,310.69,0.03,NA,488.07,NA,0.22,0.08,98.37,3.35,1.7,0.01,0.01,NA,NA,NA
2020,2020_7_2,7,W_29,400161,6468074,115.943959,-31.9188375,Chapman,Chapman_S,Fresh,NA,8.34,12810,NA,0.002,0.2387,NA,0.01,NA,1.12,0.05,130.26,NA,NA,NA,0.05,60.4,0.04,377.71,0.04,NA,590.9,NA,0.22,0.1,119.94,3.04,2.06,0.02,0.01,NA,NA,NA
2020,2020_7_3,7,W_30,400138,6468050,115.9437132,-31.91905197,Chapman,Chapman_S,Fresh,NA,8.26,15300,NA,0.0039,0.1463,NA,NA,NA,1.21,0.05,138.87,NA,NA,NA,0.05,63.31,0.04,407.74,0.09,NA,635.67,NA,0.13,0.11,131.2,3.12,2.22,0.02,0.01,NA,NA,NA
2020,2020_7_4,7,W_31,400082,6467991,115.9431149,-31.91957925,Chapman,Chapman_S,Marine,NA,7.59,39800,NA,0.0166,0.0808,NA,NA,0.01,1.88,0.05,259.41,NA,0.01,NA,0.06,229.03,0.07,850.1,0.09,NA,5482.06,NA,0.08,0.19,489.58,2.49,3.73,0.03,0.01,NA,NA,NA
2020,2020_8_1,8,W_32,400050,6467961,115.9427734,-31.91984704,Chapman,Chapman_S,Marine,NA,7.58,28800,NA,0.0096,0.094,NA,NA,0.01,2.35,0.06,319.52,NA,NA,NA,NA,285.55,0.11,1068.69,0.04,NA,5702.87,NA,0.08,0.24,637.64,2.54,4.58,0.03,0.01,NA,NA,NA
2020,2020_8_2,8,W_33,400000,6467966,115.9422451,-31.91979754,Kitchener,Kitchener,Marine,NA,7.45,28840,NA,0.0105,0.0958,NA,NA,0.01,2.34,0.05,316.64,NA,0.01,NA,NA,286.84,0.11,1061.54,0.05,NA,5681.25,NA,0.09,0.24,635.29,2.51,4.56,0.03,0.01,NA,NA,NA
2020,2020_8_3,8,W_34,399998,6467993,115.9422267,-31.91955381,Kitchener,Kitchener,Marine,NA,7.22,30500,NA,0.1293,0.2022,NA,0.03,0.01,2.25,0.09,383.26,NA,0.01,NA,0.09,318.02,0.09,1267.28,0.07,NA,6418.47,NA,0.16,0.28,696.8,2.09,5.26,0.02,0.01,NA,NA,NA
2020,2020_8_4,8,W_35,399991,6468023,115.9421558,-31.91928259,Kitchener,Kitchener,Marine,NA,6.92,31400,NA,0.0058,0.1088,NA,0.1,0.01,2.37,0.13,428.47,NA,0.01,NA,0.06,348.28,0.1,1371.38,0.02,NA,7080.81,NA,0.12,0.32,784.38,0.32,5.73,0.03,0.01,NA,NA,NA
2020,2020_9_1,9,W_36,399980,6468047,115.9420419,-31.91906513,Kitchener,Kitchener,Marine,NA,7.22,31200,NA,0.0019,0.0978,NA,0.05,0.01,2.28,0.15,417.71,NA,0.01,NA,0.21,327.78,0.08,1305.99,0.07,NA,6564.15,NA,0.18,0.3,735.35,1.47,5.5,0.03,0.01,NA,NA,NA
2020,2020_9_2,9,W_37,399967,6468071,115.9419069,-31.91884749,Kitchener,Kitchener,Marine,NA,8.36,32500,NA,0.0028,NA,NA,NA,0.02,2.89,0.08,468.41,NA,0.01,NA,NA,394.43,0.15,1546.44,0.02,NA,7746.14,NA,0.02,0.37,917.87,0.55,6.2,0.02,0.01,NA,NA,NA
2020,2020_9_3,9,W_38,399951,6468098,115.9417405,-31.91860253,Kitchener,Kitchener,Marine,NA,7.71,34200,NA,0.0051,0.1656,NA,0.12,0.01,2.3,0.11,423.04,NA,0.01,NA,0.08,338.28,0.08,1338.93,0.06,NA,6684.62,NA,0.31,0.32,758.84,0.8,5.61,0.02,0.01,NA,NA,NA
2020,2020_9_4,9,W_39,399937,6468119,115.9415946,-31.91841187,Kitchener,Kitchener,Marine,NA,8.25,34300,NA,0.0031,NA,NA,NA,0.02,2.91,0.09,470.27,NA,0.01,NA,NA,391.94,0.15,1553.56,0.02,NA,7605.08,NA,0.02,0.37,907.41,0.49,6.13,0.02,0.01,NA,NA,NA
2020,2020_10_1,10,W_40,399924,6468135,115.9414588,-31.9182664,Kitchener,Kitchener,Fresh,NA,7.49,696,NA,0.0134,0.0627,NA,0.21,NA,0.21,0.02,28.38,NA,NA,NA,0.7,6.06,NA,6.05,0.02,NA,17.86,NA,0.09,0.01,16.76,3.57,0.13,NA,0.05,NA,NA,NA
2020,2020_10_2,10,W_41,399918,6468157,115.9413976,-31.91806742,Kitchener,Kitchener,Fresh,NA,7.71,689,NA,0.0184,0.0691,NA,0.23,NA,0.19,0.02,28.39,NA,NA,NA,0.74,5.7,NA,6.25,0.02,NA,17.73,NA,0.09,0.01,16.46,3.59,0.14,NA,0.07,NA,NA,NA
2020,2020_10_3,10,W_42,399965,6468028,115.9418813,-31.91923519,Kitchener,Kitchener,Marine,NA,8.32,34800,NA,0.0049,NA,NA,NA,0.01,2.83,0.09,462.1,NA,0.01,NA,NA,386.84,0.14,1512.56,0.02,NA,7365.76,NA,0.02,0.37,910.99,0.62,6.13,0.03,0.01,NA,NA,NA
2020,2020_10_4,10,W_43,399977,6468029,115.9420083,-31.91922723,Kitchener,Kitchener,Marine,NA,8.23,35800,NA,NA,NA,NA,NA,0.01,2.89,0.1,461.08,NA,0.01,NA,NA,392.28,0.14,1540.39,0.02,NA,7260.19,NA,0.02,0.37,912.44,0.57,6.1,0.02,0.01,NA,NA,NA
2021,2021_9_3,ENVT3361.9,AF21_74,400163,6468017,115.9439742,-31.91935184,NA,SE_wetland,Marine,NA,7.47,22.38,NA,0.560594,0.0026802,NA,0.04479,0.003356,1.554146,0.04816,181.1138,NA,0.003863,NA,0.249949,153.6859,0.045105,530.2736,0.353792,0.001687,4373.83,NA,0.062236,0.155479,332.6917,1.788581,3.26908,0.017054,NA,0.004004,0.010733,NA
2021,2021_9_4,ENVT3361.9,AF21_75,400182,6468003,115.9441737,-31.9194798,NA,SE_wetland,Marine,NA,7.45,20.44,NA,0.907913,0.0026802,NA,0.04265,0.004508,1.422129,0.041499,164.4035,0.00935,0.006181,0.005611,0.221437,136.3865,0.042939,480.2049,0.166096,0.001717,3993.557,NA,0.039585,0.134932,295.344,2.097609,2.969299,0.013331,0.009931,0.003259,0.009903,NA
2021,2021_9_5,ENVT3361.9,AF21_76,400215,6468016,115.9445241,-31.91936543,NA,SE_wetland,Marine,NA,7.65,24.03,NA,0.51485,0.0021116,NA,0.01514,0.006042,1.61681,0.049897,195.6111,NA,0.004741,0.002229,0.248659,160.9313,0.052926,574.3108,0.245111,0.001716,4655.936,NA,0.025329,0.159874,359.1966,1.951915,3.591496,0.017942,0.010501,0.003862,0.01259,NA
2021,2021_3_1,ENVT3361.3,AF21_77,400262,6468172,115.9450372,-31.91796238,Chapman,Chapman_S,Marine,NA,7.04,11.96,NA,0.0383,0.013783,NA,NA,NA,0.772856,0.048426,96.63082,NA,0.001074,0.003365,0.23426,68.01365,0.02124,262.6331,0.230942,0.001085,2097.229,NA,0.015435,0.064692,154.8582,2.358959,1.592581,0.014559,0.005043,0.002612,0.004172,NA
2021,2021_3_2,ENVT3361.3,AF21_78,400226,6468138,115.944653,-31.91826591,Chapman,Chapman_S,Marine,NA,7.08,7.54,NA,0.2835,0.01879,NA,0.0155,NA,0.500814,0.044784,66.76842,NA,0.001215,0.003056,0.224817,39.43972,0.013041,170.0338,0.217336,0.001609,1287.316,NA,0.029372,0.03939,92.63722,2.475359,1.056553,0.01028,NA,0.002249,0.006692,0.002467
2021,2021_3_3,ENVT3361.3,AF21_79,400189,6468102,115.944258,-31.9185874,Chapman,Chapman_S,Marine,NA,6.87,7.54,NA,0.46165,0.012114,NA,NA,NA,0.346574,0.043987,51.30305,0.007232,0.001411,0.005007,0.201985,24.954,NA,119.5323,0.2064,NA,869.4916,NA,0.045877,0.026084,61.07401,2.525306,0.666918,0.005621,NA,0.001736,0.00515,0.001856
2021,2021_3_4,ENVT3361.3,AF21_80,400161,6468074,115.943959,-31.9188375,Chapman,Chapman_S,Marine,NA,6.91,5.08,NA,0.7858,0.013783,NA,0.02147,NA,0.339138,0.042262,50.35775,NA,0.000831,0.002898,0.217002,24.82442,NA,116.9254,0.210692,0.001496,854.9927,NA,0.047844,0.025653,62.91932,2.550638,0.653763,NA,0.005208,0.002255,0.00753,0.001837
2021,2021_3_5,ENVT3361.3,AF21_81,400138,6468050,115.9437132,-31.91905197,Chapman,Chapman_S,Fresh,NA,6.88,4.19,NA,1.07415,0.012114,NA,0.01782,NA,0.280266,0.040446,44.04147,NA,0.000381,NA,0.193767,18.53946,NA,98.4254,0.202464,0.000913,685.9706,NA,0.038772,0.02213,47.6032,2.539722,0.532141,0.005659,0.006272,0.001487,0.007762,NA
2021,2021_3_6,ENVT3361.3,AF21_82,400107,6468020,115.9433823,-31.91931986,Chapman,Chapman_S,Fresh,NA,6.76,3.86,NA,1.69925,0.008776,NA,NA,NA,0.27365,0.041488,44.49074,NA,0.001312,0.002542,0.176638,18.72588,NA,98.29556,0.203615,NA,689.1357,NA,0.028017,0.020771,46.95546,2.555741,0.520481,0.006829,0.007421,0.001129,0.006719,0.001676
2021,2021_5_1,ENVT3361.5,AF21_1,400351,6468246,115.9459861,-31.91730268,NA,NE_wetland,Marine,NA,7.42,47.1,NA,0.046,0.0056,NA,0.05461,0.005174,2.476133,0.082318,328.0121,0.007271,0.006665,0.006082,0.470631,270.4581,0.064549,949.9138,0.363785,0.001679,7770.146,NA,0.017637,0.289916,589.2674,1.34506,5.526655,0.021498,0.012012,0.005097,0.005791,NA
2021,2021_5_2,ENVT3361.5,AF21_2,400368,6468248,115.9461661,-31.91728613,NA,NE_wetland,Marine,NA,7.43,47.55,NA,0.024,0.0065,NA,0.01736,0.00626,2.596966,0.084787,338.7882,NA,0.007169,0.003615,0.470161,274.304,0.067547,968.4247,0.502878,0.00182,8003.5,NA,NA,0.295843,601.7413,1.392758,5.687739,0.021287,0.009262,0.004758,0.008884,NA
2021,2021_5_3,ENVT3361.5,AF21_3,400386,6468250,115.9463566,-31.91726967,NA,NE_wetland,Marine,NA,7.51,51.4,NA,0.079,0.0039,NA,0.05156,0.007392,2.608984,0.090857,341.1161,0.007106,0.006468,0.009616,0.379968,271.6774,0.067796,961.5782,0.539164,0.001634,7957.936,NA,0.045954,0.29666,600.6319,1.294237,5.742632,0.016846,0.005072,0.004865,0.005304,NA
2021,2021_5_4,ENVT3361.5,AF21_4,400407,6468252,115.9465789,-31.91725347,NA,NE_wetland,Marine,NA,7.36,36.9,NA,0.062,5.00E-04,NA,0.07998,0.008558,2.264162,0.083006,304.407,0.008209,0.006044,0.006327,0.371944,235.6674,0.057695,832.026,0.543328,0.00151,6856.456,NA,0.01281,0.253958,509.9946,1.245378,4.921983,0.020277,0.007797,0.004522,0.008037,NA
2021,2021_5_5,ENVT3361.5,AF21_5,400420,6468279,115.9467192,-31.91701106,NA,NE_wetland,Marine,NA,7.38,21.85,NA,0.202,0.0022,NA,0.04045,0.006492,2.404132,0.091092,338.9989,NA,0.00673,0.005833,0.376033,256.0093,0.061989,931.9436,0.525222,0.002097,7507.544,NA,0.026031,0.281251,569.0345,1.193918,5.515886,0.018619,0.0083,0.004759,0.0071,NA
2021,2021_6_1,ENVT3361.6,AF21_6,400438,6468304,115.9469121,-31.91678713,NA,NE_wetland,Marine,NA,7.29,35.1,NA,NA,NA,NA,0.0541,0.005053,2.201842,0.083147,318.7378,NA,0.007301,0.003699,0.334717,241.9678,0.057922,869.1497,0.596168,0.001486,6937.081,NA,0.026654,0.255256,520.6237,1.239852,5.062102,0.020386,0.005514,0.00494,0.009307,NA
2021,2021_6_2,ENVT3361.6,AF21_7,400463,6468321,115.9471783,-31.91663598,NA,NE_wetland,Marine,NA,7.24,32.3,NA,NA,NA,NA,0.05009,0.002422,1.925697,0.076635,278.8035,0.010496,0.006696,0.003434,0.796645,206.8187,0.048069,740.7442,0.61514,0.001447,6053.651,NA,0.01753,0.226681,453.8873,1.232479,4.385426,0.019605,0.006533,0.004367,0.009512,NA
2021,2021_6_3,ENVT3361.6,AF21_8,400195,6468077,115.9443188,-31.91881343,NA,SE_wetland,Fresh,NA,7.12,3.34,NA,0.041,0.007,NA,0.02971,NA,0.261878,0.037738,40.27898,NA,0.001438,0.002269,0.25138,18.87055,0.016502,86.5588,0.154592,0.001019,580.5687,NA,0.047517,0.019276,42.7537,2.60812,0.529179,0.009008,0.00631,0.000764,0.004807,NA
2021,2021_6_4,ENVT3361.6,AF21_10,400214,6468051,115.9445171,-31.91904963,NA,SE_wetland,Marine,NA,6.37,6.37,NA,0.019,NA,NA,0.07061,NA,0.494255,0.030924,58.66605,0.00706,0.000895,NA,0.324305,36.6554,0.018786,148.0839,0.150227,0.001238,1099.519,NA,0.033772,0.035593,81.15748,2.510256,0.944222,0.009274,0.008262,0.001399,0.008074,NA
2021,2021_7_1,ENVT3361.7,AF21_11,400221,6468040,115.94459,-31.91914947,NA,SE_wetland,Marine,NA,7.84,41.5,NA,NA,0.014,NA,0.04686,0.005455,2.369211,0.062069,307.0176,NA,0.004879,0.006186,0.250139,268.8345,0.083614,938.698,0.146634,0.001072,7688.091,NA,0.025999,0.271724,578.9726,1.67719,5.205806,0.022445,NA,0.004561,0.008772,NA
2021,2021_7_2,ENVT3361.7,AF21_12,400321,6468254,115.9456696,-31.91722789,NA,N_wetland,Marine,NA,8.28,37,NA,NA,0.016,NA,0.05897,0.008098,1.770979,0.102002,336.3119,NA,0.006367,0.012181,0.220982,227.0777,0.049383,864.1659,0.204491,0.001205,6991.794,NA,0.08728,0.238095,484.2808,2.321496,4.96021,0.018733,0.012272,0.004335,0.007565,NA
2021,2021_7_3,ENVT3361.7,AF21_13,400298,6468259,115.9454269,-31.91718077,NA,N_wetland,Marine,NA,8.03,34.75,NA,0.229,0.011,NA,0.0606,0.002791,1.635231,0.093329,305.5769,NA,0.005353,0.006156,0.217911,204.9665,0.04334,796.8901,0.227912,0.002878,6555.749,NA,0.02388,0.214295,445.7083,2.203308,4.510737,0.020272,0.008011,0.005001,0.007505,NA
2021,2021_7_4,ENVT3361.7,AF21_14,400276,6468260,115.9451943,-31.91716982,NA,N_wetland,Marine,NA,8.08,34.1,NA,0.111,0.006,NA,0.06514,NA,1.670894,0.097767,325.4996,NA,0.007149,0.009171,0.200861,214.757,0.043813,848.9287,0.249638,0.001521,6717.482,NA,0.01604,0.220559,462.8801,2.287717,4.674864,0.021029,0.0116,0.004759,0.00807,NA
2021,2021_7_5,ENVT3361.7,AF21_15,400256,6468262,115.944983,-31.91715002,NA,N_wetland,Marine,NA,8.24,40.45,NA,NA,0.011,NA,0.05422,0.00701,1.859592,0.105435,368.2979,0.007123,0.006335,0.008869,0.214416,243.7416,0.045727,964.4017,0.242199,0.001245,7752.602,NA,0.038559,0.255826,519.5411,2.04018,5.554108,0.01741,0.008493,0.005451,0.00761,NA
2021,2021_7_6,ENVT3361.7,AF21_16,400239,6468262,115.9448032,-31.91714853,NA,N_wetland,Marine,NA,8.3,38.7,NA,NA,0.007,NA,0.04081,0.008963,1.920316,0.104434,370.7023,0.007293,0.006206,0.00939,0.193974,250.0192,0.049709,988.0405,0.238062,0.001132,7852.542,NA,0.040551,0.257677,531.4901,1.922018,5.609443,0.022025,0.008733,0.005035,0.00772,NA
2021,2021_8_1,ENVT3361.8,AF21_17,400135,6468098,115.9436865,-31.91861873,NA,S_wetlands,Marine,NA,NA,NA,NA,NA,NA,NA,0.03062,NA,1.000566,0.031785,119.1,NA,0.00211,0.001993,10.54317,90.04952,0.024775,323.9599,0.209386,0.001346,2645.533,NA,NA,0.084617,180.5389,2.466356,1.789033,0.009029,0.008056,0.002348,0.009677,NA
2021,2021_8_2,ENVT3361.8,AF21_18,400118,6468103,115.9435072,-31.91857213,NA,S_wetlands,Marine,NA,NA,NA,NA,NA,NA,NA,0.04103,NA,1.438342,0.044753,181.3477,NA,0.004065,0.003516,1.220298,144.8051,0.04275,509.8082,0.285531,0.001424,4206.321,NA,NA,0.146183,294.3463,2.449275,2.907637,0.014319,0.006397,0.002738,0.008743,NA
2021,2021_8_3,ENVT3361.8,AF21_19,400100,6468100,115.9433165,-31.91859761,NA,S_wetlands,Marine,NA,NA,NA,NA,NA,NA,NA,0.0469,NA,0.75257,0.026097,78.06382,NA,0.001542,NA,0.247828,59.51664,0.017548,210.4201,0.144081,0.001447,1720.824,NA,0.021388,0.054849,120.0687,2.604194,1.165707,0.007238,0.010843,0.002146,0.007565,NA
2021,2021_8_4,ENVT3361.8,AF21_20,400006,6468082,115.9423205,-31.9187517,NA,S_wetlands,Marine,NA,NA,NA,NA,NA,NA,NA,0.03802,NA,1.919803,0.078662,311.1621,NA,0.005139,0.002688,0.284011,229.9352,0.069617,895.7593,0.395173,NA,7322.762,NA,NA,0.250183,480.4718,2.174305,5.259136,0.015269,0.010514,0.004909,0.005623,NA
2021,2021_8_5,ENVT3361.8,AF21_21,400026,6468077,115.9425315,-31.91879857,NA,S_wetlands,Marine,NA,NA,NA,NA,NA,NA,NA,0.03771,NA,1.925991,0.090699,362.4812,NA,0.006446,0.004654,0.299048,259.8184,0.074989,1035.664,0.511274,NA,8367.061,NA,0.015755,0.274878,522.0066,1.877327,6.097676,0.020088,0.007236,0.005412,0.004528,NA
2021,2021_8_6,ENVT3361.8,AF21_22,400048,6468082,115.9427647,-31.9187554,NA,S_wetlands,Marine,NA,NA,NA,NA,NA,NA,NA,NA,0.002207,1.679719,0.07458,270.4427,0.009292,0.005705,0.002688,0.349551,199.1655,0.050534,739.1238,0.431551,0.001007,5995.834,NA,NA,0.210872,402.4359,2.44387,4.208901,0.017955,0.012346,0.004441,0.004503,NA
2021,2021_9_1,ENVT3361.9,AF21_23,399917,6468221,115.9413936,-31.91749003,Street,Street,Fresh,NA,7.09,1.11,NA,0.64763,0.02713,NA,0.06519,NA,0.08646,0.028941,48.9666,0.04984,NA,NA,2.537035,10.77429,NA,24.76152,0.129869,NA,161.8259,0.005701,NA,0.014737,72.69008,4.602988,0.206846,NA,2.864738,0.003387,0.00472,NA
2021,2021_9_2,ENVT3361.9,AF21_25,399995,6468302,115.9422269,-31.91676625,Street,Street,Fresh,NA,6.63,0.857,NA,0.07398,NA,NA,0.31416,NA,0.146436,0.015131,22.69687,NA,0.000356,0.002398,0.821069,7.275309,NA,5.927885,0.006352,0.004438,144.3272,NA,0.115825,0.010456,17.33066,3.03538,0.058254,NA,0.112971,0.001291,0.004431,NA
2021,2021_10_1,ENVT3361.10,AF21_28,400072,6468411,115.9430525,-31.91578981,Street,Street,Fresh,NA,6.37,0.1193,NA,0.045,NA,NA,NA,NA,NA,0.015312,14.77304,NA,NA,NA,0.082349,1.36436,NA,1.787448,0.046863,NA,6.782015,NA,0.060367,0.001255,NA,0.965313,NA,NA,0.028835,0.001103,0.005013,0.002727
2021,2021_10_2,ENVT3361.10,AF21_29,400015,6468468,115.9424555,-31.91527063,Street,Street,Fresh,NA,6.25,0.063,NA,0.049,NA,NA,0.01918,NA,NA,0.008606,9.407586,NA,NA,NA,0.198067,NA,NA,1.118378,0.047647,NA,NA,NA,0.01684,0.000786,NA,0.611169,NA,NA,0.020107,0.000673,0.003822,0.002636
2021,2021_10_3,ENVT3361.10,AF21_31,400044,6468263,115.9427411,-31.91712236,Woolcock,Woolcock,Fresh,NA,6.04,1.11,NA,0.061,NA,NA,0.0417,NA,NA,0.02994,46.97507,0.048571,0.000417,NA,1.913723,8.691265,NA,20.54634,0.128782,NA,125.2911,0.005227,NA,0.013953,69.57248,4.492211,0.179749,NA,2.801608,0.003509,0.005397,NA
2021,2021_10_4,ENVT3361.10,AF21_32,400056,6468246,115.9428662,-31.91727676,Woolcock,Woolcock,Fresh,NA,6.49,1.114,NA,0.5645,NA,NA,0.03467,NA,NA,0.02931,49.48352,0.042345,0.000598,NA,0.805746,8.530401,NA,20.36844,0.122211,NA,125.5592,0.003419,NA,0.014432,69.03775,4.369055,0.178289,NA,2.337196,0.002442,0.003942,NA
2021,2021_10_5,ENVT3361.10,AF21_33,400051,6468216,115.9428103,-31.91754693,Woolcock,Woolcock,Fresh,NA,6.91,0.031,NA,0.51,NA,NA,0.03534,0.004015,1.636904,0.109033,272.3657,NA,0.006642,0.002054,1.566126,190.3508,0.052204,722.4877,0.363331,NA,5843.906,NA,0.048824,0.209926,394.0799,2.505092,4.396049,0.017996,0.009887,0.004788,0.012129,NA
2021,2021_1_1,ENVT3361.1,AF21_34,400024,6468162,115.9425191,-31.91803166,Woolcock,Woolcock,Fresh,NA,6.95,25.6,NA,0.059,0.19,NA,0.01994,0.003374,1.484316,0.099982,253.0205,NA,0.005338,0.003456,0.554761,173.6938,0.053317,657.3092,0.579264,NA,5292.442,NA,0.184507,0.186412,362.4685,2.70294,4.100451,0.020862,0.010908,0.004597,0.009571,NA
2021,2021_1_2,ENVT3361.1,AF21_35,400057,6468177,115.9428697,-31.91789926,Woolcock,Woolcock,Fresh,NA,6.94,23.21,NA,0.048,0.25,NA,0.05566,NA,1.368134,0.108877,243.5392,NA,0.00611,0.003029,0.438215,159.5779,0.051755,607.6927,0.515967,NA,4858.844,NA,0.270693,0.169142,345.7273,3.085081,3.858671,0.020026,0.007278,0.004361,0.008725,NA
2021,2021_1_3,ENVT3361.1,AF21_36,400022,6468158,115.9424976,-31.91806756,Woolcock,Woolcock,Fresh,NA,7.03,25.13,NA,0.054,0.18,NA,0.02109,NA,1.461286,0.101719,252.6065,NA,0.007366,0.004708,0.779479,170.0323,0.057939,648.1508,0.529751,NA,5238.177,NA,0.186323,0.181265,361.2778,2.725863,4.176032,0.018749,0.00981,0.004771,0.010576,NA
2021,2021_1_4,ENVT3361.1,AF21_37,400668,6468531,115.9493678,-31.91475964,Chapman,Chapman_N,Fresh,NA,6.78,0.8324,NA,0.052,1.67,NA,NA,0.006658,NA,0.029446,28.84877,NA,NA,NA,0.161152,4.9926,0.017326,11.07544,0.494822,NA,107.5231,NA,0.143218,0.006317,17.37098,3.152398,0.176721,NA,0.022477,0.000601,0.002078,0.001611
2021,2021_1_5,ENVT3361.1,AF21_38,400627,6468480,115.948929,-31.91521609,Chapman,Chapman_N,Fresh,NA,6.75,0.5283,NA,0.048,1.2,NA,NA,NA,NA,0.030614,25.43323,0.007958,NA,NA,0.165751,2.829385,0.01452,6.13057,0.253096,NA,67.54385,NA,0.17691,0.005571,12.10259,3.041155,0.128817,NA,0.013119,0.000347,0.003462,0.002394
2021,2021_1_6,ENVT3361.1,AF21_39,400594,6468440,115.9485759,-31.91557402,Chapman,Chapman_N,Fresh,NA,6.82,0.5131,NA,0.054,1.25,NA,NA,0.004042,NA,0.029377,24.78362,0.007669,0.000379,NA,1.267948,3.611368,0.012947,5.697994,0.144711,NA,58.93571,NA,0.276316,0.005163,9.999762,3.048899,0.103742,NA,0.007499,0.000306,0.005071,NA
2021,2021_2_1,ENVT3361.2,AF21_40,400558,6468394,115.9481904,-31.91598581,Chapman,Chapman_N,Fresh,NA,6.91,0.413,NA,0.041,0.235,NA,0.00895,0.004409,NA,0.026674,23.9028,NA,0.000973,0.002372,0.816893,2.099394,NA,4.957396,0.104666,NA,53.51509,NA,0.255367,0.005406,8.754977,2.829062,0.099458,NA,0.008123,0.00071,0.003008,0.001997
2021,2021_2_2,ENVT3361.2,AF21_41,400530,6468344,115.9478892,-31.91643438,Chapman,Chapman_N,Fresh,NA,6.78,0.409,NA,0.03,0.136,NA,0.00957,0.00595,NA,0.021958,23.60895,NA,0.000468,0.00218,0.388788,2.061547,NA,4.762348,0.078529,NA,47.01209,NA,0.144187,0.003884,8.153306,2.678,0.082418,NA,0.010287,0.000627,0.003324,NA
2021,2021_2_3,ENVT3361.2,AF21_42,400510,6468314,115.9476746,-31.91670324,Chapman,Chapman_M,Fresh,NA,6.86,0.373,NA,0.047,0.152,NA,NA,0.003751,NA,0.021978,21.67926,0.008819,NA,NA,0.407076,2.055382,NA,4.356924,0.07283,NA,42.55479,NA,0.145705,0.004601,5.387642,2.446603,0.050301,NA,0.00958,0.00032,0.004777,NA
2021,2021_2_4,ENVT3361.2,AF21_43,400474,6468323,115.9472948,-31.9166189,Chapman,Chapman_M,Fresh,NA,6.93,0.298,NA,0.051,0.202,NA,NA,0.007219,NA,0.018851,19.41576,NA,NA,NA,0.998556,2.708306,NA,3.912204,0.076618,NA,35.31556,NA,0.18507,0.00367,5.867907,2.213354,0.037874,NA,0.007585,0.000826,0.005456,0.002863
2021,2021_2_5,ENVT3361.2,AF21_44,400447,6468338,115.9470108,-31.91648123,Chapman,Chapman_M,Fresh,NA,6.85,0.275,NA,0.043,0.195,NA,NA,NA,NA,0.016641,17.27063,NA,NA,NA,0.40815,2.12338,NA,3.507712,0.057784,NA,31.26609,NA,0.195241,0.002815,4.797697,2.024545,0.02625,NA,0.010287,NA,0.003246,0.002199
2021,2021_4_1,ENVT3361.4,AF21_51,400226,6468138,115.944653,-31.91826591,Chapman,Chapman_S,Marine,NA,7.05,3.5,NA,0.361,0.12029,NA,0.01576,NA,0.246389,0.026172,37.7288,NA,NA,0.002527,0.274428,17.13977,NA,79.28278,0.159848,NA,584.1113,NA,0.145864,0.01747,44.36412,2.116842,0.449707,0.005859,0.011094,0.00125,0.006983,NA
2021,2021_4_2,ENVT3361.4,AF21_52,400189,6468102,115.944258,-31.9185874,Chapman,Chapman_S,Marine,NA,7.05,8.88,NA,0.36,0.07549,NA,0.01486,NA,0.585306,0.048306,77.96974,NA,0.002492,0.002417,0.665025,48.24995,0.017178,204.0104,0.237818,0.001391,1552.712,NA,0.080331,0.046341,118.5505,2.423258,1.201952,0.008381,NA,0.002316,0.00769,0.002226
2021,2021_4_3,ENVT3361.4,AF21_53,400161,6468074,115.943959,-31.9188375,Chapman,Chapman_S,Marine,NA,7.08,4.51,NA,0.694,0.02406,NA,NA,NA,0.300227,0.041496,47.13108,NA,0.001043,0.002741,0.174755,21.52989,NA,107.9303,0.195846,NA,748.5156,NA,0.033873,0.022604,52.67454,2.510005,0.580279,0.008219,0.007121,0.001749,0.002565,NA
2021,2021_4_4,ENVT3361.4,AF21_54,400138,6468050,115.9437132,-31.91905197,Chapman,Chapman_S,Marine,NA,7.14,2.97,NA,0.773,0.01908,NA,NA,NA,0.206422,0.039989,37.933,NA,0.001687,0.002147,0.176727,11.51627,NA,77.42141,0.183276,NA,508.1409,NA,0.022756,0.016845,35.15677,2.530137,0.393536,0.008847,0.0061,0.001328,0.002692,NA
2021,2021_4_5,ENVT3361.4,AF21_55,400107,6468020,115.9433823,-31.91931986,Chapman,Chapman_S,Marine,NA,7.17,3.04,NA,1.01,0.01078,NA,NA,NA,0.207046,0.041881,37.61109,0.010406,0.001464,0.001899,0.179835,11.90655,NA,77.26893,0.184502,0.000813,508.4972,NA,0.03578,0.016106,36.90734,2.550873,0.387575,0.006659,0.008371,0.001009,0.00495,NA
2021,2021_11_1,ENVT4461.1,AF21_56,400082,6467991,115.9431149,-31.91957925,Chapman,Chapman_S,Marine,NA,6.13,2.8,NA,0.691795,0.013911,NA,NA,NA,0.191924,0.039224,34.90045,NA,0.001299,NA,0.182945,10.31829,NA,70.93163,0.157916,NA,461.0691,NA,0.031653,0.013836,33.82586,2.580411,0.349665,0.009214,0.010278,0.001413,0.00291,0.002262
2021,2021_11_2,ENVT4461.1,AF21_57,400083,6468075,115.9431341,-31.91882162,Chapman_side,S_wetlands,Fresh,NA,6.25,3.97,NA,1.362882,0.01057,NA,0.01391,NA,0.343005,0.026475,41.01981,NA,0.002011,0.003624,0.200834,20.03261,NA,93.80334,0.117601,NA,674.2271,NA,0.026139,0.01983,47.46919,2.649857,0.511138,0.005827,0.007276,0.001842,0.005698,NA
2021,2021_11_3,ENVT4461.1,AF21_58,400096,6468064,115.9432705,-31.91892199,Chapman_side,S_wetlands,Fresh,NA,6.33,3.73,NA,1.065194,0.012241,NA,NA,NA,0.294602,0.032448,39.57575,NA,0.001892,0.003878,0.180453,15.23516,NA,87.61876,0.136996,NA,606.2689,NA,0.04249,0.019448,45.61067,2.639494,0.465969,0.007286,0.006007,0.001141,0.006296,NA
2021,2021_11_4,ENVT4461.1,AF21_59,400106,6468057,115.9433755,-31.91898601,Chapman_side,S_wetlands,Fresh,NA,6.38,2.17,NA,1.120981,0.012241,NA,NA,NA,0.209811,0.03532,36.88506,NA,0.000842,0.003246,0.171054,12.01529,NA,75.78696,0.152799,NA,488.6048,0.003514,0.036361,0.015824,36.38557,2.596414,0.374457,0.006652,0.004892,0.001177,0.005394,0.00167
2021,2021_11_5,ENVT4461.1,AF21_60,400112,6468045,115.9434377,-31.91909479,Chapman_side,S_wetlands,Fresh,NA,6.38,2.85,NA,1.505632,0.012241,NA,NA,NA,0.194933,0.039459,35.14957,0.008272,0.000826,0.002249,0.178339,10.41416,NA,71.79562,0.160827,NA,457.8646,NA,0.018739,0.014602,33.53148,2.582101,0.355983,0.007552,0.006683,0.001202,0.005892,NA
2021,2021_11_6,ENVT4461.1,AF21_61,400112,6468031,115.9434363,-31.91922107,Chapman_side,S_wetlands,Fresh,NA,6.4,2.86,NA,0.768209,0.013911,NA,NA,NA,0.193687,0.038833,35.27879,NA,0.001141,NA,0.168932,10.44846,NA,72.00013,0.161515,NA,464.4809,NA,0.033572,0.014855,33.67321,2.600392,0.348874,0.00644,0.006612,0.001522,0.004861,NA
2021,2021_12_1,ENVT4461.2,AF21_62,400050,6467961,115.9427734,-31.91984704,NA,SwanR,Fresh,NA,NA,NA,NA,0.632,0.00967442,NA,0.02113,NA,0.207667,0.041691,38.84447,0.009105,0.000433,NA,0.149651,11.50954,NA,79.39531,0.192866,0.000924,516.4734,NA,0.023344,0.016809,37.80307,2.571749,0.380278,0.005161,0.008757,0.002045,0.004619,0.002628
2021,2021_12_2,ENVT4461.2,AF21_63,400000,6467966,115.9422451,-31.91979754,NA,SwanR,Fresh,NA,NA,NA,NA,0.439,0.00967442,NA,0.01907,NA,0.208871,0.041389,38.45968,NA,0.000904,0.002858,0.156176,11.06942,NA,79.2608,0.192324,0.000889,511.0711,NA,0.029847,0.016166,36.76742,2.570001,0.398659,0.0055,NA,0.001491,0.00615,NA
2021,2021_12_3,ENVT4461.2,AF21_64,399998,6467993,115.9422267,-31.91955381,Kitchener,Kitchener_S,Fresh,NA,NA,NA,NA,0.855,0.01153488,NA,0.03264,NA,0.220311,0.041232,38.81951,NA,0.000542,NA,0.179415,12.54512,NA,80.79765,0.192707,0.00096,534.9417,NA,0.029844,0.016953,36.91759,2.559151,0.403234,0.006197,0.007831,0.001235,0.004003,0.001925
2021,2021_12_4,ENVT4461.2,AF21_65,399991,6468023,115.9421558,-31.91928259,Kitchener,Kitchener_S,Fresh,NA,NA,NA,NA,0.681,0.00223256,NA,0.02961,NA,0.226993,0.04084,39.16585,NA,0.000708,NA,0.158598,13.15447,NA,82.8585,0.196196,NA,550.4218,NA,0.036087,0.018483,41.27699,2.584157,0.424116,0.007636,0.009186,0.002333,0.003894,0.00208
2021,2021_12_5,ENVT4461.2,AF21_66,399980,6468047,115.9420419,-31.91906513,Kitchener,Kitchener_S,Fresh,NA,NA,NA,NA,0.813,0.00967442,NA,0.01275,NA,0.278383,0.042365,45.22328,NA,0.001744,0.004104,0.186796,17.13044,NA,100.8045,0.211322,0.001114,690.3414,NA,0.026396,0.022298,54.2949,2.589537,0.524917,0.005665,0.007458,0.001925,0.007264,NA
2021,2021_13_2,ENVT4461.3,AF21_68,399968,6468038,115.9419141,-31.91914526,NA,SW_wetland,Marine,NA,6.47,27.6,NA,0.5126995,0.0111,NA,0.01269,0.003294,1.707954,0.066873,211.0273,NA,0.005942,0.002338,1.533977,174.5955,0.05262,630.5807,0.128176,0.001985,5117.965,NA,0.028349,0.1763,381.1399,2.570881,3.926632,0.01498,0.005862,0.004016,0.009762,NA
2021,2021_13_3,ENVT4461.3,AF21_69,399978,6468056,115.9420217,-31.91898377,Kitchener,Kitchener_N,Marine,NA,6.76,7.52,NA,0.7081387,0.0128,NA,0.0091,NA,0.558943,0.040469,74.52994,NA,0.00157,0.002932,0.486141,45.87778,0.013721,188.6549,0.208421,NA,1451.097,NA,0.033913,0.045774,105.6067,2.670841,1.144226,0.008965,0.03334,0.002153,0.008175,NA
2021,2021_13_4,ENVT4461.3,AF21_70,399965,6468081,115.9418868,-31.91875711,Kitchener,Kitchener_N,Marine,NA,6.6,12.7,NA,0.1894576,0.086,NA,0.05302,NA,0.741593,0.108925,167.0313,0.010668,0.003615,0.004394,0.5659,80.36311,0.015235,309.6468,0.258003,NA,2522.136,NA,NA,0.099402,169.672,3.035608,2.243385,0.006734,0.359725,0.003465,0.00857,NA
2021,2021_13_5,ENVT4461.3,AF21_71,399932,6468128,115.9415427,-31.91833025,Kitchener,Kitchener_N,Fresh,NA,7.21,0.81,NA,0.2144932,0.066,NA,0.18716,NA,0.145424,0.016038,22.12951,NA,0.001555,NA,0.449567,6.780837,NA,7.61271,0.010045,NA,155.0138,NA,0.077995,0.010098,18.79401,3.067943,0.06085,0.004746,0.0647,0.000853,0.005384,NA
2021,2021_13_6,ENVT4461.3,AF21_72,399913,6468164,115.9413454,-31.91800384,Kitchener,Kitchener_N,Fresh,NA,7.19,0.758,NA,0.1365598,0.1276,NA,0.25683,NA,0.143729,0.015894,22.22308,0.008707,0.001519,NA,0.843964,7.033131,NA,5.55526,0.009314,NA,136.6689,NA,0.095792,0.011026,17.93834,3.21365,0.058143,0.005012,0.109073,0.001169,0.005417,NA
2022,2022_AF22_W1,ENVT3361_1,AF22_W1,400678,6468541,115.9494746,-31.91467031,Chapman,Chapman_N,Fresh,CD_fresh,6.95,0.632,195.449,0.422,0.067,23.828,NA,0.0093,0.034,0.06,41,NA,0.0011,NA,2.25,4.6,0.0032,10.1,0.211,NA,106,NA,0.074,0.012,NA,5.63,0.18,0.0031,NA,0.0011,0.005,NA
2022,2022_AF22_W2,ENVT3361_1,AF22_W2,400587,6468435,115.9485013,-31.91561851,Chapman,Chapman_N,Fresh,CD_fresh,7.07,0.83,NA,0.162,0.135,18.611,NA,0.0059,NA,0.064,46,NA,5.00E-04,NA,3.66,4.6,0.0022,10.9,0.229,NA,106.6,NA,0.101,0.013,NA,5.6,0.2,0.0035,NA,0.0015,0.004,NA
2022,2022_AF22_W3,ENVT3361_2,AF22_W3,400491,6468314,115.9474737,-31.91670157,Chapman,Chapman_N,Fresh,CD_fresh,7.03,0.861,171.346,0.023,0.0431,27.612,NA,0.0119,0.028,0.065,45,0.0087,4.00E-04,NA,3.13,3.3,0.0021,10.2,0.12,NA,108.4,NA,NA,0.009,NA,5.04,0.19,0.0029,NA,0.0013,NA,NA
2022,2022_AF22_W4,ENVT3361_2,AF22_W4,400451,6468338,115.9470531,-31.91648158,Chapman,Chapman_N,Fresh,CD_fresh,7.09,0.909,NA,0.015,1.533,22.529,NA,0.0102,0.029,0.068,46,0.0025,0.0015,NA,1.2,3.8,0.0029,10.4,0.091,NA,111,NA,NA,0.011,NA,4.97,0.2,0.004,NA,8.00E-04,NA,NA
2022,2022_AF22_W5,ENVT3361_3,AF22_W5,400372,6468289,115.9462126,-31.91691665,Chapman,Chapman_N,Fresh,CD_fresh,7.26,10.5,202.937,0.6341,0.018,24.467,NA,0.0048,0.083,0.074,62,0.0045,0.002,0.0048,0.57,7.7,0.0053,30.4,0.088,NA,265,NA,0.193,0.018,NA,6.32,0.32,0.0035,NA,0.0014,NA,NA
2022,2022_AF22_W6,ENVT3361_3,AF22_W6,400309,6468220,115.9455392,-31.91753353,Chapman,Chapman_M,Fresh,CD_fresh,7.07,19.8,489.348,0.10775,0.029,11.804,NA,NA,0.032,0.051,50,NA,5.00E-04,NA,0.68,19.8,0.0033,12,0.115,NA,118.8,0.0032,0.246,0.025,NA,4.87,0.21,0.0035,NA,0.0011,NA,NA
2022,2022_AF22_W7,ENVT3361_4,AF22_W7,400169,6468086,115.9440448,-31.91872996,Chapman,Chapman_S,Marine,CD_saline,6.98,39.35,14985.353,0.038,0.018,68.21,NA,NA,2.121,0.094,300,0.0064,0.0058,NA,0.11,256.2,0.1154,892.1,0.342,NA,7878.2,NA,NA,0.34,564.9839,2.77,4.87,0.0253,NA,0.006,0.006,NA
2022,2022_AF22_W8,ENVT3361_4,AF22_W8,400082,6467995,115.9431153,-31.91954317,Chapman,Chapman_S,Marine,CD_saline,7.18,37.55,15845,0.036,0.052,65.46,NA,0.006,2.269,0.076,314,NA,0.0055,NA,0.01,286.3,0.1324,948.8,0.081,0.002,8414.4,NA,NA,0.372,602.309,2.31,5.24,0.0286,NA,0.0061,0.009,NA
2022,2022_AF22_W9,ENVT3361_5,AF22_W9,400010,6467963,115.9423505,-31.91982548,SwanR,SwanR,Marine,SwanR,7.28,46.85,15825.093,8.00E-04,0.038,72.0728,NA,0.0023,2.273,0.075,310,NA,0.0059,NA,0,287.1,0.1399,945.1,0.072,0.0018,8455.4,NA,NA,0.375,617.1208,2.22,5.21,0.0287,NA,0.0061,0.007,NA
2022,2022_AF22_W10,ENVT3361_5,AF22_W10,400028,6467967,115.9425413,-31.91979098,SwanR,SwanR,Marine,SwanR,7.83,49.2,16659.834,0.0414,0.039,73.3574,NA,0.0026,2.245,0.076,306,NA,0.0063,0.0069,0.08,283.6,0.1366,933.1,0.08,0.0016,8359.6,NA,NA,0.365,603.5373,2.34,5.13,0.0304,NA,0.006,0.01,NA
2022,2022_AF22_W11,ENVT3361_6,AF22_W11,399973,6468037,115.9419669,-31.91915471,Kitchener,Kitchener_S,Marine,KD_saline,7.41,57.75,NA,21.167,0.022,80.5,NA,0.0053,2.782,0.122,402,NA,0.0073,NA,0.05,354.9,0.1688,1201.5,0.157,NA,10608.1,NA,0.132,0.467,747.7774,5,6.64,0.0301,NA,0.0075,0.008,NA
2022,2022_AF22_W12,ENVT3361_6,AF22_W12,399957,6468026,115.9417965,-31.91925253,Kitchener,SW_wetland,Marine,KD_saline,7.33,52,NA,9.453,0.021,82.5,NA,NA,2.673,0.117,399,NA,0.0074,NA,0.15,348.6,0.1649,1182.9,0.164,NA,10516.6,NA,0.133,0.466,748.6374,4.78,6.54,0.033,NA,0.0075,0.01,NA
2022,2022_AF22_W13,ENVT3361_7,AF22_W13,400320,6468368,115.9456708,-31.91619947,NA,FloodWood,Fresh,FW,7.25,0.983,195.29,0.55,0.344,27.25,0.171,NA,0.155,0.016,28,NA,0.002,NA,0.44,11.5,0.0032,15.7,0.02,NA,228.1,NA,NA,0.013,NA,4.39,0.17,NA,NA,8.00E-04,0.006,NA
2022,2022_AF22_W14,ENVT3361_7,AF22_W14,399934,6468120,115.941563,-31.91840259,Kitchener,Kitchener_N,Fresh,KD_fresh,7.26,0.945,199.09,0.39,0.361,29,0.244,NA,0.135,0.016,24,0.006,0.0021,NA,0.64,8.9,0.0032,6.1,0.009,NA,153.9,NA,NA,0.013,NA,4.1,0.11,0.0038,NA,0.0013,NA,NA
2022,2022_AF22_W15,ENVT3361_8,AF22_W15,399984,6468039,115.9420834,-31.91913764,Kitchener,Kitchener_S,Marine,KD_saline,6.6,55.35,18509.26,0.346,0.006,82.48161,NA,0.0061,1.828,0.201,440,0.0085,0.0078,NA,39.64,291.5,0.0868,1120.1,0.492,NA,9779,NA,NA,0.424,681.4385,4.63,6.36,0.0324,NA,0.0068,0.007,NA
2022,2022_AF22_W16,ENVT3361_8,AF22_W16,399997,6468014,115.9422183,-31.9193643,Kitchener,Kitchener_S,Marine,KD_saline,7.49,48.75,20558.625,0.344,0.023,75.66052,NA,NA,2.21,0.109,349,0.0074,0.0069,0.006,0.09,301.4,0.1384,1034.3,0.16,NA,9196.9,NA,NA,0.399,635.8018,2.91,5.66,0.0314,NA,0.0065,0.008,NA
2022,2022_AF22_W17,ENVT3361_9,AF22_W17,400040,6468171,115.9426893,-31.91795188,Woolcock,NW_wetland,Fresh,Woolcock,6.75,42.45,20168,0.445,0.067,95.86,NA,0.0028,2.082,0.132,361,0.0151,0.007,0.0052,22.82,293.8,0.1234,1058.2,1.018,NA,9295.8,NA,NA,0.38,674.0195,5.12,5.68,0.0279,NA,0.0067,0.009,NA
2022,2022_AF22_W18,ENVT3361_9,AF22_W18,400028,6468166,115.9425619,-31.91799593,Woolcock,NW_wetland,Fresh,Woolcock,7.86,35.26,17304,0.271,0.005,84.28,NA,0.0031,2.51,0.148,420,0.0054,0.0059,0.0052,0.06,358.6,0.1721,1226.5,0.572,0.0022,10709.9,NA,NA,0.467,775.0648,2.61,6.72,0.0312,NA,0.0063,0.007,NA
2022,2022_AF22_W19,ENVT4461_10,AF22_W19,400120,6468041,115.9435219,-31.91913157,Chapman,Chapman_S,Marine,CD_saline,7.3,46.1,NA,NA,NA,NA,NA,0.0045,2.109,0.084,302,0.0044,0.0056,NA,0.1,269.6,0.1327,905.4,0.184,NA,8003.8,NA,NA,0.343,570.4675,2.42,4.96,0.0275,NA,0.0057,0.005,NA
2022,2022_AF22_W20,ENVT4461_10,AF22_W20,400110,6468040,115.9434161,-31.91913971,Chapman_side,Chapman_S,Marine,CD_saline,6.82,46.2,NA,NA,NA,NA,NA,NA,1.856,0.142,358,NA,0.0075,NA,17.81,257.5,0.1016,995.9,1.306,NA,8303.8,NA,NA,0.332,579.2226,4.53,5.58,0.0273,NA,0.0061,0.008,NA
2022,2022_AF22_W21,ENVT4461_11,AF22_W21,400323,6468232,115.9456885,-31.91742651,Chapman,Chapman_M,Fresh,CD_fresh,7.57,159.2,61495.93,0.063,0.0267,2379.406,NA,0.0168,4.727,0.287,1435,NA,0.0075,0.0058,0.06,1054.1,0.7447,4287,0.695,NA,30428.8,NA,NA,1.637,2539.531,0.51,21.72,0.0286,NA,0.0112,NA,NA
2022,2022_AF22_W22,ENVT4461_11,AF22_W22,400261,6468172,115.9450266,-31.91796229,Chapman,Chapman_S,Fresh,CD_fresh,7.22,4.65,1345.083,0.029,0.233,75.682,NA,NA,0.31,0.05,78,0.0033,8.00E-04,NA,0.11,39.2,0.0111,114.4193,0.019,NA,1001.167,NA,0.276,0.032,69.1311,5.11,0.74,0.0047,NA,0.0021,0.0037,NA
2022,2022_AF22_W23,ENVT4461_S2_1,2022_W23,400475,6468327,115.9473058,-31.9165829,Chapman,Chapman_N,Fresh,CD_fresh,7.42,0.6245,128.525,NA,0,0.546,0.049,NA,0.068,0.038,51.5,NA,0.001,0.016,0.222,6.37,0.0026,10.346,0.011,0.0029,89,0.0022,0.044,0.008,26.7,6.737,0.204,0.0024,0.149,0.0023,0.012,NA
2022,2022_AF22_W24,ENVT4461_S2_1,2022_W24,400410,6468325,115.9466182,-31.91659525,Chapman,Chapman_N,Fresh,CD_fresh,7.53,2.06,700.434,NA,0.062,1.119,0.044,NA,0.215,0.032,48.2,NA,0.0015,0.01,0.378,17.14,0.0073,45.813,0.095,0.0013,388,0.0021,0.007,0.02,59.5,3.895,0.34,0.0017,0.16,0.0025,0.011,NA
2022,2022_AF22_W25,ENVT4461_S2_1,2022_W25,400327,6468243,115.9457319,-31.91732764,Chapman,Chapman_M,Fresh,CD_saline,6.79,3.75,1260.584,NA,0.062,1.333,0.061,NA,0.313,0.026,58.1,NA,0.0038,0.008,11.625,27.25,0.0069,94.173,0.165,0.0011,689,0.0058,0.046,0.022,78.2,4.782,0.539,0.0023,0.063,0.0011,0.014,NA
2022,2022_AF22_W26,ENVT4461_S2_1,2022_W26,400308,6468242,115.9455309,-31.91733499,Chapman,N_wetland,Fresh,CD_fresh,7.29,5.01,1253.693,NA,0.092,1.556,0.012,NA,0.354,0.02,70.6,NA,0.0034,0.012,1.56,32.71,0.0067,116.608,0.148,0.0029,894,0.002,0.007,0.026,100.7,3.168,0.688,0.0028,0.018,0.0016,0.019,NA
2022,2022_AF22_W27,ENVT4461_S2_1,2022_W27,400341,6468229,115.9458786,-31.91745515,NA,NE_wetland,Fresh,CD_fresh,7.78,2.41,640.382,NA,0.122,0.892,0.06,NA,0.182,0.025,43,NA,0.0019,0.007,0.295,15.33,0.0049,55.026,0.056,0.0025,433,0.001,0.011,0.014,43.9,1.683,0.353,0.001,0.04,0.0015,0.007,NA
2022,2022_AF22_W27.5,ENVT4461_S2_1,2022_W27.5,400448,6468343,115.9470219,-31.91643621,Chapman,Chapman_N,Fresh,CD_fresh,7.67,6.16,155.05,NA,0.145,0.633,0.067,0.0004,0.073,0.037,52.7,NA,0.0014,0.011,0.236,6.67,NA,10.452,0.011,0.0023,91,0,0.054,0.008,27.1,6.783,0.205,0.0016,0.137,0.0029,0.012,NA
2022,2022_AF22_W28,ENVT4461_S2_2,2022_W28,400153,6468280,115.9438956,-31.9169786,NA,FloodWood,Fresh,FW,6.83,1.845,3204.176,NA,NA,NA,0.072,NA,0.42,0.054,146.4,NA,0.0053,0.005,0.907,55.79,0.0118,259.634,0.553,0.0006,1598,NA,0.013,0.059,189.9,6.18,1.518,0.0032,0.031,0.0035,0.024,NA
2022,2022_AF22_W29,ENVT4461_S2_2,2022_W29,400170,6468296,115.944077,-31.91683577,NA,FloodWood,Fresh,FW,6.85,2.2,1716.575,NA,NA,NA,0.051,NA,0.249,0.054,156.4,NA,0.0045,0.004,32.167,36.36,0.0052,142.467,0.271,NA,933,NA,0.008,0.04,179.3,8.408,1.145,0.0035,0.013,0.0041,0.028,NA
2022,2022_AF22_W30,ENVT4461_S2_2,2022_W30,400171,6468305,115.9440885,-31.91675467,NA,FloodWood,Fresh,FW,6.72,3.11,1983.332,NA,NA,NA,0.076,NA,0.277,0.057,168.2,NA,0.0042,0.006,66.161,40.01,0.0063,164.393,0.283,0.0005,1039,0.002,NA,0.045,212.3,9.094,1.311,0.0118,0.03,0.0033,0.029,NA
2022,2022_AF22_W31,ENVT4461_S2_2,2022_W31,400168,6468319,115.9440582,-31.91662812,NA,FloodWood,Fresh,FW,7.69,1.679,248.409,NA,NA,NA,0.04,NA,0.084,0.044,118.9,NA,0.0036,NA,0.154,14.36,0.0001,23.021,0.006,0.0035,180,0.0004,NA,0.016,58,8.043,0.478,NA,0.009,0.0032,0.022,NA
2022,2022_AF22_W32,ENVT4461_S2_2,2022_W32,400189,6468327,115.9442812,-31.91655781,NA,FloodWood,Fresh,FW,7.46,0.9315,110.947,NA,NA,NA,0.031,NA,0.036,0.046,46.8,NA,0.0019,0.003,0.289,8.45,0.0002,14.624,0.013,0.003,86,NA,NA,0.011,37.8,5.588,0.232,0.0019,0.033,0.001,0.013,NA
2022,2022_AF22_W33,ENVT4461_S2_3,2022_W33,400034,6468183,115.9426271,-31.91784311,NA,NW_wetland,Fresh,Woolcock,6.91,6.85,1952.157,NA,NA,NA,0.054,NA,0.321,0.041,91.5,NA,0.0053,0.005,1.049,31.52,0.0056,148.422,0.165,0.0019,1084,0.0005,0.016,0.03,96.5,5.226,0.893,0.0012,0.055,0.0036,0.024,NA
2022,2022_AF22_W34,ENVT4461_S2_3,2022_W34,400036,6468185,115.9426484,-31.91782524,NA,NW_wetland,Fresh,Woolcock,7.01,5.73,1725.735,NA,NA,NA,0.083,NA,0.289,0.04,92.1,NA,0.0055,0.002,1.521,28.44,0.0049,126.346,0.15,0.0018,926,0.001,0.014,0.028,87.7,6.012,0.809,0.0048,0.043,0.0029,0.023,NA
2022,2022_AF22_W35,ENVT4461_S2_3,2022_W35,400056,6468254,115.9428671,-31.9172046,Woolcock,Woolcock,Fresh,Woolcock,6.82,1.07,181.138,NA,NA,NA,0.307,0.0009,0.064,0.027,49.5,NA,0.0027,NA,1.352,11.13,0.0019,16.753,0.081,0.0001,129,0.0038,0.018,0.014,58.1,6.067,0.224,0.0009,1.287,0.0026,0.011,NA
2022,2022_AF22_W36,ENVT4461_S2_3,2022_W36,400052,6468252,115.9428246,-31.91722229,Woolcock,Woolcock,Fresh,Woolcock,6.96,1.012,176.413,NA,NA,NA,0.286,0.0015,0.064,0.027,49.6,NA,0.0026,0.001,0.853,11.01,0.002,16.785,0.086,0.0008,125,0.0033,0.014,0.014,58.6,6.136,0.225,0.0012,1.205,0.0032,0.015,NA
2022,2022_AF22_W37,ENVT4461_S2_3,2022_W37,400043,6468265,115.9427307,-31.91710423,Woolcock,Woolcock,Fresh,Woolcock,6.47,1.119,182.713,NA,NA,NA,0.338,NA,0.064,0.027,48.8,NA,0.0025,0.001,1.482,11.04,0.0019,16.748,0.083,0.0007,125,0.0023,0.013,0.014,58.6,6.165,0.224,0.0027,1.3,0.0037,0.015,NA
2022,2022_AF22_W38,ENVT4461_S2_4,2022_W38,399915,6468163,115.9413665,-31.91801304,Kitchener,Kitchener_N,Fresh,KD_fresh,7.33,0.781,161.6,NA,NA,29.54,0.259,0.0008,0.184,0.022,33.4,NA,0.002,0.005,0.346,8.45,NA,7.422,0.019,0.0013,124,0.0056,0.062,0.011,22.8,4.134,0.153,0.003,0.223,0.002,0.007,NA
2022,2022_AF22_W39,ENVT4461_S2_4,2022_W39,399931,6468135,115.9415328,-31.91826702,Kitchener,Kitchener_N,Fresh,KD_fresh,7.29,0.7714,167.2,NA,NA,32.94,0.182,0.0005,0.186,0.02,33.8,NA,0.0014,0.004,0.333,8.4,NA,7.55,0.013,0.001,123,0.001,0.051,0.009,23.5,4.242,0.154,0.0036,0.201,0.0013,0.009,NA
2022,2022_AF22_W40,ENVT4461_S2_4,2022_W40,399964,6468087,115.9418768,-31.9187029,Kitchener,Kitchener_S,Marine,KD_saline,7.54,0.7667,81.069,NA,NA,26.44,0.172,NA,0.182,0.02,33.8,NA,0.0028,0.001,0.312,8.58,NA,7.57,0.011,0.0012,125,0.0023,0.039,0.011,23.3,4.224,0.153,0.0033,0.182,0.003,0.01,NA
2022,2022_AF22_W41,ENVT4461_S2_4,2022_W41,399997,6468027,115.9422197,-31.91924703,Kitchener,Kitchener_S,Marine,KD_saline,7.38,0.8917,104.4,NA,NA,27,0.166,0.0016,0.186,0.017,32.2,NA,0.0022,0.005,0.243,9.05,0.002,10.941,0.006,0.0015,150,0.0005,0.029,0.011,24.7,4.098,0.166,0.0024,0.139,0.0008,0.011,NA
2022,2022_AF22_W42,ENVT4461_S2_4,2022_W42,400004,6467976,115.9422884,-31.91970769,Kitchener,Kitchener_S,Marine,KD_saline,7.51,2.31,711.7,NA,NA,45.44,0.14,NA,0.228,0.02,40.1,NA,0.0021,0,0.458,13.43,0.0035,48.036,0.017,0.0008,400,0.0001,0.03,0.016,37.8,4.063,0.324,0.0031,0.104,0.0022,0.01,NA
2023,ENVT3361,Group 01,2023_W01,400510,6468317,115.9476749,-31.91667617,Chapman,Chapman_N,Fresh,CD_fresh,6.95,0.778,165.1,NA,0.293,0.412,0.03,NA,0.07,0.03,37.4,NA,0.001,NA,1.14,NA,NA,10.8,0.21,NA,113,0.001,0.54,0.01,13.1,5.42,0.17,NA,0.01,NA,0.007,NA
2023,ENVT3361,Group 01,2023_W02,400510,6468317,115.9476749,-31.91667617,Chapman,Chapman_N,Fresh,CD_fresh,6.9,0.787,165.7,NA,0.318,0.346,0.04,NA,0.07,0.03,38,NA,0.001,NA,1.06,NA,NA,10.9,0.2,NA,114,0.001,0.59,0.01,13,5.48,0.17,NA,0.01,NA,0.008,NA
2023,ENVT3361,Group 02,2023_W03,400475,6468323,115.9473054,-31.91661899,Chapman,Chapman_N,Fresh,CD_fresh,6.28,6.03,135.1,NA,0.169,0.619,0.04,NA,0.07,0.03,38.2,NA,0.002,NA,1.1,NA,NA,11.1,0.24,NA,114,0.002,0.74,0.01,13.4,5.57,0.18,NA,0.03,0.001,0.007,NA
2023,ENVT3361,Group 02,2023_W04,400475,6468323,115.9473054,-31.91661899,Chapman,Chapman_N,Fresh,CD_fresh,6.35,4.34,165,NA,0.146,0.62,NA,NA,0.07,0.03,38.5,NA,0.001,0.02,1.57,17,NA,11.3,0.24,NA,118,0.002,2.2,0.01,13.1,5.49,0.2,NA,0.01,0.001,0.005,NA
2023,ENVT3361,Group 02,2023_W05,400487,6468319,115.9474319,-31.91665612,Chapman,Chapman_N,Marine,CD_fresh,6.3,7.01,169.6,NA,0.088,0.621,NA,NA,NA,NA,NA,NA,NA,NA,NA,NA,NA,NA,NA,NA,NA,NA,NA,NA,NA,NA,NA,NA,NA,NA,NA,NA
2023,ENVT3361,Group 03,2023_W06,400247,6468154,115.9448767,-31.91812343,Chapman,Chapman_M,Fresh,CD_fresh,7.48,4.535,1126.7,NA,0.103,26.14,0.05,NA,0.34,0.02,70.3,NA,0.002,NA,0.29,32.2,0.01,136,0.05,NA,981,0.001,0.2,0.04,73.5,5.82,0.79,NA,0.01,NA,0.009,NA
2023,ENVT3361,Group 04,2023_W07,400100,6468019,115.9433082,-31.91932826,Chapman,Chapman_S,Marine,CD_saline,7.37,7.2,14978,NA,0.0095,1.78,NA,NA,2.29,0.06,323.1,NA,0.007,NA,0.05,299,0.13,1131,0.07,0.003,8155,0.002,0.02,0.28,680,2.75,5.98,NA,NA,0.005,0.022,NA
2023,ENVT3361,Group 05,2023_W08,400045,6467960,115.9427204,-31.91985562,NA,SwanR,Marine,SwanR,6.99,4.38,15963,NA,0.062,108.122,NA,NA,2.32,0.06,317,NA,0.008,NA,0.02,299,0.13,1096,0.05,0.003,7888,NA,0.05,0.28,657,2.79,6.02,NA,0.01,0.004,0.027,NA
2023,ENVT3361,Group 05,2023_W09,400028,6467967,115.9425413,-31.91979098,NA,SwanR,Marine,SwanR,6.95,4.82,15791,NA,0.076,112.154,NA,NA,2.34,0.06,321,NA,0.008,NA,0.04,301,0.13,1111,0.07,0.003,7939,0.001,0.07,0.28,662,2.73,6.05,NA,NA,0.005,0.025,NA
2023,ENVT3361,Group 06,2023_W10,399967,6468019,115.9419016,-31.91931655,NA,SW_wetland,Marine,NA,7.86,6.58,20585,NA,0.037,4.394,NA,0.01,2.49,0.09,422,NA,0.008,NA,0.01,376,0.14,1452,0.09,0.002,10447,0.001,0.01,0.37,810,2.43,8.04,NA,NA,0.005,0.027,NA
2023,ENVT3361,Group 07,2023_W11,399912,6468128,115.9413311,-31.91832849,Kitchener,Kitchener_N,Fresh,KD_fresh,7.04,0.948,206,NA,0.064,8.732,0.18,NA,0.19,0.01,28.1,NA,0.002,NA,0.55,12.4,NA,18.3,0.06,0.001,240,0.002,0.17,0.02,29,4.21,0.13,0.001,0.01,NA,0.007,NA
2023,ENVT3361,Group 07,2023_W12,399919,6468157,115.9414082,-31.91806751,Kitchener,Kitchener_N,Fresh,KD_fresh,7.53,0.923,216,NA,0.06,11.001,0.2,NA,0.19,0.01,23.8,NA,0.002,NA,0.85,NA,NA,7.1,0.02,0.001,160,0.001,0.13,0.02,26.2,4.38,0.13,0.001,0.03,NA,0.005,NA
2023,ENVT3361,Group 08,2023_W13,399993,6468017,115.9421763,-31.91933688,Kitchener,Kitchener_S,Marine,KD_saline,7.55,3.68,17026,NA,0.272,0,0.08,NA,1.85,0.15,436,NA,0.009,NA,0.22,308,0.08,1287,0.18,NA,9003,0.001,0.24,0.32,632,3.01,7.09,NA,0.01,0.006,0.027,NA
2023,ENVT3361,Group 08,2023_W14,399993,6468017,115.9421763,-31.91933688,Kitchener,Kitchener_S,Marine,KD_saline,7.65,3.36,17735,NA,0.242,0,0.09,NA,1.84,0.15,436.2,NA,0.008,NA,0.23,308,0.08,1277,0.17,NA,8995,0.001,0.24,0.32,631,2.98,7.12,NA,NA,0.006,0.028,NA
2023,ENVT3361,Group 09,2023_W15,400036,6468178,115.9426477,-31.91788839,NA,NW_wetland,Marine,Woolcock,8.13,7.29,16923,NA,0.01,2534,NA,NA,2.05,0.16,455.7,NA,0.008,NA,0.04,309,0.09,1326,0.09,0.001,9057,NA,0.01,0.35,669,0.42,7.48,NA,NA,0.006,0.027,NA
2023,ENVT3361,Group 09,2023_W16,400030,6468154,115.9425818,-31.91810435,NA,NW_wetland,Marine,Woolcock,8.27,8.11,17479,NA,NA,2565,0.03,0.01,2.02,0.16,441,NA,0.008,NA,0.02,301,0.09,1318,0.08,NA,8949,NA,0.01,0.36,659,0.34,7.35,NA,NA,0.005,0.028,NA
2023,ENVT3361,Group 09,2023_W17,400032,6468153,115.9426028,-31.91811355,NA,NW_wetland,Marine,Woolcock,8.22,7,17060,NA,NA,2534,0.04,NA,2,0.16,440,NA,0.009,NA,0.04,301,0.09,1293,0.08,NA,8804,NA,0.01,0.36,648,0.35,7.29,NA,NA,0.006,0.026,NA
2023,ENVT3361,Group 09,2023_W18,400039,6468177,115.9426793,-31.91789767,NA,NW_wetland,Marine,Woolcock,8.2,7.08,17543,NA,0.138,2389,NA,NA,1.98,0.16,441,NA,0.009,NA,0.02,302,0.09,1292,0.09,NA,8768,0.001,1.14,0.36,640,0.35,7.21,NA,NA,0.006,0.026,NA
2023,ENVT3361,Group 10,2023_W19,400110,6468046,115.9434167,-31.91908559,Chapman,Chapman_S,Marine,CD_saline,6.75,32.1,14526,NA,NA,120,0.03,NA,1.72,0.11,360,NA,0.007,NA,16.5,253,0.07,1122,1.01,0.001,7437,0.001,NA,0.24,575,4.38,6.04,NA,NA,0.005,0.028,NA
2023,ENVT3361,Group 10,2023_W20,400117,6468040,115.9434901,-31.91914033,Chapman,Chapman_S,Marine,CD_saline,7.15,30.8,15244,NA,0.0026,114,0.03,NA,2.19,0.07,302,NA,0.006,NA,0.13,280,0.12,1041,0.15,0.002,7479,0.001,0.01,0.27,608,2.74,5.61,NA,NA,0.005,0.022,NA
2023,ENVT3361,Group 11,2023_W21,400473,6468314,115.9472833,-31.91669999,NA,NE_wetland,Marine,CD_fresh,7.58,16.56,40623,NA,0.0195,490.1,NA,0.02,4.17,0.15,964,NA,0.007,NA,0.06,760,0.37,2823,0.17,0.004,21682,0.002,0.07,0.87,1731,0.36,17.96,NA,NA,0.008,0.024,NA
2023,ENVT3361,Group 11,2023_W22,400473,6468314,115.9472833,-31.91669999,NA,NE_wetland,Marine,CD_fresh,7.19,12.83,40402,NA,NA,604.1,NA,0.02,4.22,0.15,962,NA,0.008,NA,0.04,768,0.37,2845,0.14,0.004,21929,0.002,0.03,0.85,1754,0.32,18.1,0.001,NA,0.008,0.025,NA
2023,ENVT4461,Group 01,2023_W23,400410,6468319.198,115.9466176,-31.91664758,Chapman,Chapman_N,Fresh,CD_fresh,6.26,0.8269,1,NA,NA,NA,0.05,0.01,0.13,0.04,42.3,NA,0.001,NA,3.41,10.7,NA,32.3,0.33,NA,254,0.002,0.48,0.01,23.7,5.77,0.18,NA,0.02,NA,0.009,NA
2023,ENVT4461,Group 01,2023_W24,400405.78,6468314.484,115.9465725,-31.91668974,Chapman,Chapman_N,Fresh,CD_fresh,6.57,0.8293,1,NA,NA,NA,0.05,0.01,0.11,0.03,35.5,NA,0.001,NA,0.81,NA,NA,10.9,0.29,NA,114,0.002,0.63,0.01,10.9,5.39,0.18,NA,0.01,NA,0.008,NA
2023,ENVT4461,Group 02,2023_W25,400317,6468227,115.9456245,-31.91747109,Chapman,Chapman_M,Fresh,CD_fresh,6.825,1.1,2,NA,NA,NA,0.12,NA,0.12,0.03,38,NA,0.002,NA,0.42,NA,NA,18.6,0.18,NA,161,0.001,0.64,0.02,12.7,5.87,0.21,NA,0.04,NA,0.006,NA
2023,ENVT4461,Group 03,2023_W26,400208,6468113,115.94446,-31.91848984,Chapman,Chapman_M,Marine,CD_saline,7.11,23.7,3,NA,NA,NA,0.07,NA,1.27,0.06,195.7,NA,0.007,NA,0.2,153,0.05,611,0.37,0.002,4158,0.002,NA,0.15,330,4.22,3.23,NA,0.01,0.003,0.021,NA
2023,ENVT4461,Group 03,2023_W27,400205,6468110,115.944428,-31.91851664,Chapman,Chapman_M,Marine,CD_saline,7.16,25.55,3,NA,NA,NA,0.04,NA,1.55,0.06,226.8,NA,0.007,0.01,0.07,187,0.06,736,0.37,0.002,5073,NA,NA,0.18,410,3.71,3.86,NA,0.01,0.004,0.022,NA
2023,ENVT4461,Group 03,2023_W28,400197,6468104,115.9443428,-31.91857006,Chapman,Chapman_M,Marine,CD_saline,7.1,26.25,3,NA,NA,NA,0.03,NA,1.71,0.07,246.9,NA,0.007,NA,0.16,212,0.08,811,0.32,0.002,5776,NA,0.01,0.21,465,3.37,4.29,NA,NA,0.004,0.02,NA
2023,ENVT4461,Group 03,2023_W29,400192,6468100,115.9442895,-31.9186057,Chapman,Chapman_M,Marine,CD_saline,7.24,37.45,3,NA,NA,NA,0.08,NA,1.88,0.07,273.3,NA,0.007,NA,0.11,237,0.09,913,0.29,0.002,6477,0.001,NA,0.24,523,3.17,4.79,NA,0.01,0.005,0.026,NA
2023,ENVT4461,Group 03,2023_W30,400188,6468095,115.9442467,-31.91865045,Chapman,Chapman_M,Marine,CD_saline,7.19,38.05,3,NA,NA,NA,0.06,0.01,1.95,0.07,278.9,NA,0.008,NA,0.04,248,0.09,940,0.26,0.002,6636,0.002,0.01,0.24,536,3.01,4.9,NA,NA,0.004,0.022,NA
2023,ENVT4461,Group 04,2023_W31,400167,6468082,115.9440232,-31.91876587,Chapman,Chapman_M,Marine,CD_saline,7.33,25.75,13550.9,NA,0,NA,0.05,NA,2.03,0.07,281.9,NA,0.007,NA,NA,259,0.1,958,0.24,0.003,6757,0.001,0.01,0.25,548,2.99,5.05,NA,NA,0.005,0.024,NA
2023,ENVT4461,Group 05,2023_W33,400050,6468253,115.9428035,-31.91721309,Woolcock,Woolcock,Fresh,Woolcock,5.77,1.139,5,NA,NA,NA,0.36,NA,0.1,0.03,53.3,0.06,0.001,NA,1.17,NA,0.01,32.8,0.19,NA,157,0.008,NA,0.01,86.9,7.05,0.26,NA,3.76,0.004,0.008,NA
2023,ENVT4461,Group 06,2023_W35,400306,6468243,115.9455099,-31.9173258,NA,N_wetland,Marine,NA,8.09,10.05,58254.622,NA,NA,NA,NA,0.02,4.05,0.15,952.1,NA,0.008,NA,NA,750,0.36,2791,0.13,0.003,21569,0.002,0.02,0.85,1699,0.3,17.59,NA,NA,0.009,0.029,NA
